"Latest: Time (s)","Latest: Force (N)","Latest: Position (m)","Latest: Velocity (m/s)","Latest: Acceleration (m/s²)","Run 1: Time (s)","Run 1: Force (N)","Run 1: Position (m)","Run 1: Velocity (m/s)","Run 1: Acceleration (m/s²)","Run 2: Time (s)","Run 2: Force (N)","Run 2: Position (m)","Run 2: Velocity (m/s)","Run 2: Acceleration (m/s²)","Run 3: Time (s)","Run 3: Force (N)","Run 3: Position (m)","Run 3: Velocity (m/s)","Run 3: Acceleration (m/s²)","Run 4: Time (s)","Run 4: Force (N)","Run 4: Position (m)","Run 4: Velocity (m/s)","Run 4: Acceleration (m/s²)"
0.01,-0.0502901338041,,,,0.01,-0.0502901338041,,,,0.01,-0.0502901338041,,,,0.01,-0.0502901338041,,,,0.01,-0.0193423591554,,,
0.02,-0.0502901338041,,,,0.02,-0.0193423591554,,,,0.02,-0.0193423591554,,,,0.02,-0.0193423591554,,,,0.02,-0.0502901338041,,,
0.03,-0.0502901338041,,,,0.03,-0.0502901338041,,,,0.03,-0.0193423591554,,,,0.03,-0.0193423591554,,,,0.03,-0.0193423591554,,,
0.04,-0.0502901338041,0.0056595,-0.0633597222222,0.409363618827,0.04,-0.0193423591554,-0.001372,0.0797951388889,-1.10854701968,0.04,-0.0502901338041,0.0008575,-0.0154826388889,0.365843508873,0.04,0.0116054154932,0.0001715,-0.0102423611111,0.48866251929,0.04,-0.0502901338041,-0.0001715,0.00619305555556,0.212720871914
0.05,-0.0502901338041,,,,0.05,-0.0193423591554,,,,0.05,-0.0193423591554,,,,0.05,-0.0193423591554,,,,0.05,-0.0193423591554,,,
0.06,-0.0193423591554,,,,0.06,-0.0193423591554,,,,0.06,-0.0502901338041,,,,0.06,-0.0193423591554,,,,0.06,-0.0502901338041,,,
0.07,-0.0502901338041,,,,0.07,-0.0502901338041,,,,0.07,-0.0193423591554,,,,0.07,-0.0193423591554,,,,0.07,-0.0502901338041,,,
0.08,-0.0502901338041,0.002401,-0.0441850694444,0.350377411265,0.08,-0.0502901338041,0.0036015,0.0307866319444,-0.914368923611,0.08,-0.0193423591554,-0.000686,0.00565711805556,0.193293137539,0.08,-0.0193423591554,-0.0012005,0.0145298611111,0.292913001543,0.08,-0.0502901338041,-0.0001715,0.0141725694444,0.140973066165
0.09,-0.0193423591554,,,,0.09,-0.0502901338041,,,,0.09,-0.0502901338041,,,,0.09,-0.0193423591554,,,,0.09,-0.0193423591554,,,
0.1,-0.0502901338041,,,,0.1,-0.0502901338041,,,,0.1,-0.0502901338041,,,,0.1,-0.0193423591554,,,,0.1,-0.0502901338041,,,
0.11,-0.0193423591554,,,,0.11,-0.0502901338041,,,,0.11,-0.0502901338041,,,,0.11,-0.0502901338041,,,,0.11,-0.0502901338041,,,
0.12,-0.0193423591554,0.002401,-0.0363722916667,0.327169994213,0.12,-0.0193423591554,0.0018865,-0.00778895833333,-0.567076461227,0.12,-0.0502901338041,0.0022295,0.00314416666667,0.0509884982639,0.12,-0.0193423591554,0.001372,0.0238670833333,0.0203953993056,0.12,0.0116054154932,-0.0001715,0.0314416666667,-0.0942356770833
0.13,-0.0193423591554,,,,0.13,-0.0502901338041,,,,0.13,-0.0502901338041,,,,0.13,-0.0193423591554,,,,0.13,-0.0502901338041,,,
0.14,-0.0502901338041,,,,0.14,-0.0193423591554,,,,0.14,-0.0193423591554,,,,0.14,0.0116054154932,,,,0.14,-0.0502901338041,,,
0.15,-0.0502901338041,,,,0.15,-0.0193423591554,,,,0.15,-0.0502901338041,,,,0.15,-0.0502901338041,,,,0.15,-0.0502901338041,,,
0.16,-0.0502901338041,-0.0008575,-0.0221520833333,0.376860001929,0.16,-0.0193423591554,0.0015435,-0.0145298611111,-0.22164489294,0.16,-0.0193423591554,-0.0005145,0.00178645833333,0.0624350646219,0.16,-0.0502901338041,0.0015435,0.0163163194444,-0.233860628858,0.16,-0.0193423591554,0.0042875,0.011790625,-0.415847800926
0.17,-0.0193423591554,,,,0.17,0.0116054154932,,,,0.17,-0.0502901338041,,,,0.17,-0.0502901338041,,,,0.17,-0.0193423591554,,,
0.18,-0.0193423591554,,,,0.18,-0.0193423591554,,,,0.18,-0.0193423591554,,,,0.18,0.0116054154932,,,,0.18,-0.0502901338041,,,
0.19,-0.0193423591554,,,,0.19,-0.0193423591554,,,,0.19,-0.0193423591554,,,,0.19,-0.0193423591554,,,,0.19,-0.0193423591554,,,
0.2,-0.0193423591554,0.0001715,0.00119097222222,0.262692081404,0.2,-0.0193423591554,0.0008575,-0.0209611111111,0.0216442660108,0.2,-0.0502901338041,0.001715,0.0122670138889,-0.0205690827546,0.2,-0.0193423591554,0.0032585,-0.00452569444444,-0.276504050926,0.2,-0.0193423591554,0.0015435,-0.0248913194444,-0.246465084877
0.21,-0.0193423591554,,,,0.21,-0.0193423591554,,,,0.21,-0.0502901338041,,,,0.21,0.0116054154932,,,,0.21,-0.0193423591554,,,
0.22,0.0116054154932,,,,0.22,-0.0193423591554,,,,0.22,-0.0193423591554,,,,0.22,-0.0193423591554,,,,0.22,-0.0502901338041,,,
0.23,-0.0193423591554,,,,0.23,-0.0193423591554,,,,0.23,-0.0502901338041,,,,0.23,-0.0502901338041,,,,0.23,-0.0502901338041,,,
0.24,-0.0193423591554,0.0001715,0.00262013888889,0.0909274209105,0.24,-0.0193423591554,-0.0008575,-0.00893229166667,0.141212914738,0.24,-0.0193423591554,0.0012005,0.005359375,-0.192656298225,0.24,-0.0193423591554,0.0005145,-0.0134579861111,-0.125167872299,0.24,-0.0502901338041,-0.0001715,-0.0113142361111,0.0348193962191
0.25,-0.0502901338041,,,,0.25,-0.0193423591554,,,,0.25,-0.0193423591554,,,,0.25,-0.0502901338041,,,,0.25,-0.0193423591554,,,
0.26,-0.0193423591554,,,,0.26,-0.0502901338041,,,,0.26,-0.0502901338041,,,,0.26,-0.0193423591554,,,,0.26,-0.0193423591554,,,
0.27,-0.0193423591554,,,,0.27,-0.0193423591554,,,,0.27,-0.0193423591554,,,,0.27,-0.0193423591554,,,,0.27,-0.0502901338041,,,
0.28,-0.0502901338041,0.0005145,0.000833680555555,0.138036988812,0.28,-0.0193423591554,0.000343,-0.00166736111111,0.0758417727623,0.28,-0.0193423591554,0.002401,-0.00678854166667,-0.258292100694,0.28,-0.0193423591554,0.0015435,-0.007503125,-0.0789846161265,0.28,-0.0193423591554,0.001372,-0.00917048611111,0.0846086516204
0.29,-0.0502901338041,,,,0.29,-0.0193423591554,,,,0.29,-0.0502901338041,,,,0.29,-0.0502901338041,,,,0.29,-0.0502901338041,,,
0.3,-0.0502901338041,,,,0.3,-0.0193423591554,,,,0.3,-0.0193423591554,,,,0.3,-0.0193423591554,,,,0.3,-0.0502901338041,,,
0.31,-0.0193423591554,,,,0.31,0.0116054154932,,,,0.31,-0.0502901338041,,,,0.31,-0.0193423591554,,,,0.31,-0.0502901338041,,,
0.32,-0.0502901338041,0.0005145,-0.000476388888889,0.492268518519,0.32,-0.0193423591554,-0.000343,-0.00678854166667,0.103052179784,0.32,-0.0193423591554,0.001029,-0.0263204861111,-0.05359375,0.32,-0.0193423591554,0.001029,-0.0215565972222,0.0248119212963,0.32,-0.0193423591554,-0.0005145,-0.0109569444444,0.265570264275
0.33,-0.0193423591554,,,,0.33,-0.0502901338041,,,,0.33,-0.0193423591554,,,,0.33,-0.0502901338041,,,,0.33,-0.0193423591554,,,
0.34,-0.0502901338041,,,,0.34,-0.0193423591554,,,,0.34,-0.0193423591554,,,,0.34,-0.0193423591554,,,,0.34,-0.0502901338041,,,
0.35,-0.0502901338041,,,,0.35,-0.0502901338041,,,,0.35,-0.0193423591554,,,,0.35,-0.0193423591554,,,,0.35,-0.0502901338041,,,
0.36,-0.0193423591554,-0.001029,0.0327517361111,0.912334346065,0.36,-0.0193423591554,-0.000686,-0.00131006944444,0.330329378858,0.36,-0.0502901338041,-0.0008575,-0.0184600694444,0.350592447917,0.36,-0.0193423591554,-0.001029,-0.0159590277778,0.366720196759,0.36,-0.0502901338041,-0.0005145,0.00833680555556,0.533704427083
0.37,-0.0502901338041,,,,0.37,-0.0193423591554,,,,0.37,-0.0502901338041,,,,0.37,-0.0193423591554,,,,0.37,-0.0193423591554,,,
0.38,-0.0502901338041,,,,0.38,-0.0193423591554,,,,0.38,-0.0502901338041,,,,0.38,-0.0193423591554,,,,0.38,-0.0502901338041,,,
0.39,-0.0502901338041,,,,0.39,-0.0193423591554,,,,0.39,-0.0193423591554,,,,0.39,-0.0193423591554,,,,0.39,-0.0193423591554,,,
0.4,-0.0193423591554,0.0008575,0.109807638889,0.428336467978,0.4,-0.0193423591554,-0.0008575,0.0164354166667,0.664959490741,0.4,-0.0193423591554,-0.001029,0.00714583333333,0.648914448302,0.4,-0.0502901338041,-0.001029,0.00976597222222,0.688944347994,0.4,-0.0193423591554,0.000343,0.0307270833333,0.796297260802
0.41,-0.0502901338041,,,,0.41,-0.0193423591554,,,,0.41,-0.0502901338041,,,,0.41,-0.0502901338041,,,,0.41,-0.0193423591554,,,
0.42,-0.0193423591554,,,,0.42,0.0116054154932,,,,0.42,-0.0502901338041,,,,0.42,-0.0502901338041,,,,0.42,-0.0193423591554,,,
0.43,-0.0193423591554,,,,0.43,-0.0193423591554,,,,0.43,-0.0502901338041,,,,0.43,-0.0502901338041,,,,0.43,-0.0502901338041,,,
0.44,-0.0193423591554,0.011319,0.101232638889,-0.821770833333,0.44,-0.0193423591554,0.000343,0.0481152777778,1.02481505594,0.44,-0.0502901338041,-0.0001715,0.0347763888889,0.868582658179,0.44,-0.0502901338041,0,0.0376347222222,0.98784529321,0.44,-0.0193423591554,0.0012005,0.0738402777778,0.829627941744
0.45,-0.0193423591554,,,,0.45,-0.0193423591554,,,,0.45,-0.0502901338041,,,,0.45,-0.0193423591554,,,,0.45,-0.0502901338041,,,
0.46,-0.0193423591554,,,,0.46,-0.0193423591554,,,,0.46,-0.0193423591554,,,,0.46,-0.0193423591554,,,,0.46,-0.0193423591554,,,
0.47,-0.0193423591554,,,,0.47,-0.0193423591554,,,,0.47,0.0116054154932,,,,0.47,-0.0502901338041,,,,0.47,-0.0193423591554,,,
0.48,-0.0193423591554,0.0118335,0.0226284722222,-1.5465270544,0.48,-0.0502901338041,0.0018865,0.108378472222,0.928627507716,0.48,-0.0502901338041,0.0008575,0.0843208333333,0.790755931713,0.48,-0.0193423591554,0.000686,0.0973024305556,0.888184076003,0.48,-0.0193423591554,0.0046305,0.133031597222,-0.0345712770062
0.49,-0.0193423591554,,,,0.49,-0.0193423591554,,,,0.49,-0.0193423591554,,,,0.49,-0.0502901338041,,,,0.49,-0.0502901338041,,,
0.5,-0.0502901338041,,,,0.5,0.0116054154932,,,,0.5,-0.0502901338041,,,,0.5,-0.0502901338041,,,,0.5,-0.0193423591554,,,
0.51,-0.0193423591554,,,,0.51,-0.0502901338041,,,,0.51,-0.0193423591554,,,,0.51,-0.0193423591554,,,,0.51,-0.0193423591554,,,
0.52,-0.0502901338041,0.0135485,-0.0680045138889,-1.1580550733,0.52,-0.0193423591554,0.0080605,0.165545138889,-0.257547743056,0.52,-0.0193423591554,0.0070315,0.116596180556,0.152593315972,0.52,-0.0193423591554,0.0073745,0.145655902778,-0.153006847994,0.52,-0.0502901338041,0.014749,0.116000694444,-1.7436991223
0.53,-0.0193423591554,,,,0.53,0.0116054154932,,,,0.53,-0.0502901338041,,,,0.53,-0.0193423591554,,,,0.53,0.0116054154932,,,
0.54,-0.0193423591554,,,,0.54,-0.0193423591554,,,,0.54,-0.0193423591554,,,,0.54,-0.0193423591554,,,,0.54,-0.0502901338041,,,
0.55,-0.0193423591554,,,,0.55,-0.0193423591554,,,,0.55,-0.0502901338041,,,,0.55,-0.0193423591554,,,,0.55,-0.0193423591554,,,
0.56,-0.0502901338041,0.003773,-0.0969451388889,-0.0585561342593,0.56,-0.0193423591554,0.0180075,0.140892013889,-2.415605951,0.56,-0.0193423591554,0.0104615,0.124694791667,-1.102559076,0.56,-0.0193423591554,0.0145775,0.128267708333,-1.98892361111,0.56,-0.0502901338041,0.0214375,-0.060025,-2.16277247299
0.57,0.0116054154932,,,,0.57,-0.0193423591554,,,,0.57,-0.0502901338041,,,,0.57,-0.0193423591554,,,,0.57,-0.0502901338041,,,
0.58,-0.0502901338041,,,,0.58,-0.0193423591554,,,,0.58,-0.0502901338041,,,,0.58,-0.0502901338041,,,,0.58,-0.0193423591554,,,
0.59,-0.0502901338041,,,,0.59,-0.0193423591554,,,,0.59,-0.0193423591554,,,,0.59,-0.0193423591554,,,,0.59,-0.0193423591554,,,
0.6,-0.0502901338041,0.002744,-0.0508545138889,0.642297935957,0.6,-0.0193423591554,0.0293265,-0.094325,-2.91978419174,0.6,-0.0502901338041,0.021266,0.0312034722222,-2.24200520833,0.6,-0.0193423591554,0.0258965,-0.0646697916667,-2.53371069637,0.6,-0.0193423591554,0.005831,-0.148633333333,-0.510629340278
0.61,-0.0193423591554,,,,0.61,0.0116054154932,,,,0.61,-0.0502901338041,,,,0.61,-0.0502901338041,,,,0.61,-0.0502901338041,,,
0.62,-0.0502901338041,,,,0.62,-0.0502901338041,,,,0.62,-0.0502901338041,,,,0.62,-0.0502901338041,,,,0.62,-0.0193423591554,,,
0.63,-0.0193423591554,,,,0.63,0.0116054154932,,,,0.63,-0.0193423591554,,,,0.63,-0.0502901338041,,,,0.63,-0.0502901338041,,,
0.64,-0.0193423591554,0.0012005,-0.0253677083333,0.901747926312,0.64,-0.0193423591554,0.005488,-0.219734375,-0.552726900077,0.64,-0.0502901338041,0.016121,-0.125766666667,-1.67257161458,0.64,-0.0193423591554,0.0060025,-0.182337847222,-0.62914761767,0.64,-0.0502901338041,0.0022295,-0.0752694444444,0.74477117091
0.65,-0.0193423591554,,,,0.65,-0.0193423591554,,,,0.65,-0.0502901338041,,,,0.65,-0.0193423591554,,,,0.65,-0.0193423591554,,,
0.66,-0.0502901338041,,,,0.66,-0.0193423591554,,,,0.66,-0.0193423591554,,,,0.66,-0.0193423591554,,,,0.66,-0.0502901338041,,,
0.67,-0.0193423591554,,,,0.67,0.0116054154932,,,,0.67,0.0116054154932,,,,0.67,0.0116054154932,,,,0.67,-0.0193423591554,,,
0.68,-0.0193423591554,0.0008575,0.00655034722222,1.38632474923,0.68,0.0116054154932,0.001029,-0.1071875,1.3072574267,0.68,-0.0502901338041,0.005488,-0.154111805556,0.129518229167,0.68,-0.0502901338041,0.002058,-0.0945631944444,0.979740065586,0.68,-0.0502901338041,0.0022295,-0.0339427083333,0.844515094522
0.69,-0.0193423591554,,,,0.69,-0.0193423591554,,,,0.69,-0.0502901338041,,,,0.69,-0.0193423591554,,,,0.69,-0.0502901338041,,,
0.7,-0.0193423591554,,,,0.7,-0.0193423591554,,,,0.7,-0.0502901338041,,,,0.7,-0.0502901338041,,,,0.7,0.0116054154932,,,
0.71,-0.0193423591554,,,,0.71,-0.0502901338041,,,,0.71,-0.0502901338041,,,,0.71,-0.0193423591554,,,,0.71,-0.0502901338041,,,
0.72,-0.0502901338041,-0.0001715,0.0796760416667,1.90671344522,0.72,0.0116054154932,-0.0001715,-0.0322753472222,1.39972318673,0.72,-0.0193423591554,-0.0005145,-0.0778895833333,1.21967134452,0.72,-0.0193423591554,0.000686,-0.0351336805556,1.13572434414,0.72,-0.0193423591554,0.001029,-0.0152444444444,0.960965711806
0.73,-0.0502901338041,,,,0.73,0.0116054154932,,,,0.73,-0.0193423591554,,,,0.73,-0.0193423591554,,,,0.73,-0.0193423591554,,,
0.74,-0.0502901338041,,,,0.74,-0.0193423591554,,,,0.74,-0.0193423591554,,,,0.74,-0.0193423591554,,,,0.74,-0.0193423591554,,,
0.75,-0.0193423591554,,,,0.75,-0.0193423591554,,,,0.75,0.0116054154932,,,,0.75,-0.0193423591554,,,,0.75,-0.0193423591554,,,
0.76,-0.0193423591554,0.005831,0.184005208333,1.83393180941,0.76,-0.0193423591554,0.0008575,0.00488298611111,1.26300950039,0.76,-0.0502901338041,0.0008575,-0.0163163194444,1.3819413098,0.76,-0.0193423591554,0.001029,-0.001071875,1.07253665123,0.76,-0.0193423591554,0,0.0219138888889,1.44661771798
0.77,0.0116054154932,,,,0.77,-0.0193423591554,,,,0.77,-0.0502901338041,,,,0.77,-0.0193423591554,,,,0.77,-0.0502901338041,,,
0.78,-0.0193423591554,,,,0.78,0.0116054154932,,,,0.78,-0.0502901338041,,,,0.78,-0.0193423591554,,,,0.78,-0.0502901338041,,,
0.79,-0.0193423591554,,,,0.79,-0.0193423591554,,,,0.79,-0.0193423591554,,,,0.79,-0.0193423591554,,,,0.79,-0.0502901338041,,,
0.8,-0.0193423591554,0.0162925,0.249389583333,1.19700978974,0.8,-0.0193423591554,0,0.0385875,1.62195529514,0.8,-0.0502901338041,-0.0005145,0.0228666666667,1.57539158951,0.8,-0.0193423591554,0.0008575,0.0234621527778,1.47233940972,0.8,-0.0502901338041,0.0008575,0.104210069444,1.83575135031
0.81,-0.0193423591554,,,,0.81,0.0116054154932,,,,0.81,-0.0502901338041,,,,0.81,-0.0193423591554,,,,0.81,-0.0193423591554,,,
0.82,-0.0502901338041,,,,0.82,0.0116054154932,,,,0.82,-0.0193423591554,,,,0.82,-0.0193423591554,,,,0.82,-0.0502901338041,,,
0.83,-0.0502901338041,,,,0.83,-0.0193423591554,,,,0.83,-0.0502901338041,,,,0.83,-0.0502901338041,,,,0.83,-0.0193423591554,,,
0.84,-0.0193423591554,0.02744,0.273447222222,0.643290412809,0.84,-0.0193423591554,0.0008575,0.137676388889,1.90902922454,0.84,-0.0193423591554,0.000686,0.101470833333,1.84269868827,0.84,-0.0502901338041,0,0.111951388889,1.94235990548,0.84,-0.0502901338041,0.0080605,0.194009375,1.61831621335
0.85,-0.0193423591554,,,,0.85,-0.0193423591554,,,,0.85,-0.0502901338041,,,,0.85,-0.0502901338041,,,,0.85,-0.0193423591554,,,
0.86,0.0116054154932,,,,0.86,-0.0502901338041,,,,0.86,-0.0502901338041,,,,0.86,-0.0193423591554,,,,0.86,-0.0193423591554,,,
0.87,-0.0502901338041,,,,0.87,-0.0193423591554,,,,0.87,-0.0502901338041,,,,0.87,-0.0193423591554,,,,0.87,-0.0193423591554,,,
0.88,-0.0193423591554,0.0382445,0.287381597222,0.398396749614,0.88,-0.0193423591554,0.0114905,0.226642013889,1.41138478974,0.88,-0.0193423591554,0.0070315,0.190674652778,1.64048152971,0.88,-0.0193423591554,0.0090895,0.215208680556,1.58266975309,0.88,-0.0193423591554,0.017836,0.248913194444,1.00173996914
0.89,0.0116054154932,,,,0.89,-0.0193423591554,,,,0.89,-0.0193423591554,,,,0.89,-0.0502901338041,,,,0.89,-0.0502901338041,,,
0.9,-0.0193423591554,,,,0.9,-0.0193423591554,,,,0.9,-0.0502901338041,,,,0.9,-0.0193423591554,,,,0.9,-0.0502901338041,,,
0.91,-0.0193423591554,,,,0.91,-0.0502901338041,,,,0.91,-0.0193423591554,,,,0.91,0.0116054154932,,,,0.91,-0.0502901338041,,,
0.92,-0.0193423591554,0.0502495,0.302149652778,0.28864535108,0.92,-0.0193423591554,0.021609,0.256535416667,0.728643422068,0.92,-0.0502901338041,0.0173215,0.248675,1.05119839892,0.92,-0.0502901338041,0.019894,0.257369097222,0.773801118827,0.92,-0.0502901338041,0.0293265,0.268206944444,0.483170814043
0.93,-0.0502901338041,,,,0.93,0.0116054154932,,,,0.93,-0.0502901338041,,,,0.93,-0.0193423591554,,,,0.93,-0.0502901338041,,,
0.94,-0.0502901338041,,,,0.94,-0.0193423591554,,,,0.94,0.0116054154932,,,,0.94,-0.0502901338041,,,,0.94,-0.0193423591554,,,
0.95,-0.0193423591554,,,,0.95,0.0116054154932,,,,0.95,-0.0502901338041,,,,0.95,0.0116054154932,,,,0.95,-0.0502901338041,,,
0.96,0.0116054154932,0.062769,0.309652777778,0.23505160108,0.96,-0.0193423591554,0.0324135,0.269278819444,0.367547260802,0.96,-0.0193423591554,0.0282975,0.270350694444,0.526591676312,0.96,-0.0502901338041,0.031213,0.260822916667,0.29724681713,0.96,-0.0193423591554,0.0396165,0.273923611111,0.290713011188
0.97,0.0116054154932,,,,0.97,-0.0193423591554,,,,0.97,-0.0193423591554,,,,0.97,-0.0502901338041,,,,0.97,-0.0193423591554,,,
0.98,-0.0502901338041,,,,0.98,-0.0193423591554,,,,0.98,-0.0193423591554,,,,0.98,-0.0502901338041,,,,0.98,0.0116054154932,,,
0.99,-0.0193423591554,,,,0.99,-0.0193423591554,,,,0.99,-0.0193423591554,,,,0.99,-0.0502901338041,,,,0.99,-0.0502901338041,,,
1,0.0116054154932,0.0749455,0.318585069444,0.240262104552,1,0.0116054154932,0.043218,0.275471875,0.289307002315,1,-0.0193423591554,0.0392735,0.2786875,0.291870900849,1,-0.0193423591554,0.040817,0.257130902778,0.370607397762,1,-0.0502901338041,0.050764,0.287500694444,0.24232976466
1.01,-0.0193423591554,,,,1.01,-0.0193423591554,,,,1.01,-0.0193423591554,,,,1.01,-0.0193423591554,,,,1.01,-0.0193423591554,,,
1.02,-0.0502901338041,,,,1.02,-0.0193423591554,,,,1.02,-0.0502901338041,,,,1.02,-0.0193423591554,,,,1.02,-0.0502901338041,,,
1.03,-0.0502901338041,,,,1.03,-0.0193423591554,,,,1.03,-0.0193423591554,,,,1.03,-0.0502901338041,,,,1.03,-0.0193423591554,,,
1.04,-0.0193423591554,0.088151,0.329184722222,0.244976369599,1.04,-0.0193423591554,0.0540225,0.290716319444,0.298156587577,1.04,-0.0193423591554,0.050421,0.287857986111,0.238607976466,1.04,-0.0502901338041,0.0499065,0.291669097222,0.476967833719,1.04,-0.0193423591554,0.0629405,0.294408333333,0.202796103395
1.05,-0.0193423591554,,,,1.05,-0.0193423591554,,,,1.05,-0.0193423591554,,,,1.05,-0.0193423591554,,,,1.05,-0.0193423591554,,,
1.06,-0.0502901338041,,,,1.06,-0.0193423591554,,,,1.06,0.0116054154932,,,,1.06,-0.0193423591554,,,,1.06,-0.0502901338041,,,
1.07,-0.0502901338041,,,,1.07,-0.0193423591554,,,,1.07,-0.0502901338041,,,,1.07,-0.0193423591554,,,,1.07,-0.0193423591554,,,
1.08,-0.0193423591554,0.1013565,0.338593402778,0.246465084877,1.08,-0.0193423591554,0.066542,0.304293402778,0.218179494599,1.08,-0.0502901338041,0.0622545,0.298100347222,0.215781008873,1.08,-0.0193423591554,0.064827,0.312749305556,0.23869068287,1.08,-0.0502901338041,0.0742595,0.302506944444,0.195517939815
1.09,-0.0193423591554,,,,1.09,-0.0193423591554,,,,1.09,-0.0193423591554,,,,1.09,-0.0502901338041,,,,1.09,-0.0193423591554,,,
1.1,-0.0193423591554,,,,1.1,-0.0193423591554,,,,1.1,-0.0193423591554,,,,1.1,-0.0502901338041,,,,1.1,-0.0193423591554,,,
1.11,-0.0193423591554,,,,1.11,-0.0193423591554,,,,1.11,-0.0193423591554,,,,1.11,-0.0502901338041,,,,1.11,-0.0502901338041,,,
1.12,-0.0502901338041,0.115248,0.348240277778,0.258705632716,1.12,-0.0502901338041,0.07889,0.307032638889,0.162021846065,1.12,-0.0193423591554,0.074431,0.305127083333,0.202713396991,1.12,-0.0193423591554,0.0763175,0.305127083333,0.105781491127,1.12,-0.0502901338041,0.087122,0.310605555556,0.181375144676
1.13,-0.0193423591554,,,,1.13,-0.0502901338041,,,,1.13,0.0116054154932,,,,1.13,-0.0193423591554,,,,1.13,-0.0502901338041,,,
1.14,-0.0193423591554,,,,1.14,-0.0193423591554,,,,1.14,0.0116054154932,,,,1.14,-0.0502901338041,,,,1.14,-0.0193423591554,,,
1.15,-0.0502901338041,,,,1.15,-0.0193423591554,,,,1.15,-0.0193423591554,,,,1.15,-0.0193423591554,,,,1.15,-0.0193423591554,,,
1.16,-0.0502901338041,0.1291395,0.359078125,0.275081500772,1.16,-0.0193423591554,0.090895,0.313225694444,0.192044270833,1.16,0.0116054154932,0.0866075,0.313225694444,0.215698302469,1.16,-0.0193423591554,0.088494,0.310724652778,0.18873601466,1.16,-0.0502901338041,0.0992985,0.31513125,0.211480275849
1.17,-0.0193423591554,,,,1.17,-0.0502901338041,,,,1.17,-0.0193423591554,,,,1.17,-0.0502901338041,,,,1.17,-0.0502901338041,,,
1.18,-0.0193423591554,,,,1.18,-0.0193423591554,,,,1.18,-0.0193423591554,,,,1.18,-0.0193423591554,,,,1.18,-0.0193423591554,,,
1.19,-0.0193423591554,,,,1.19,0.0116054154932,,,,1.19,-0.0193423591554,,,,1.19,-0.0502901338041,,,,1.19,-0.0193423591554,,,
1.2,-0.0193423591554,0.1438885,0.371583333333,0.276487509645,1.2,-0.0193423591554,0.1037575,0.323348958333,0.215119357639,1.2,-0.0193423591554,0.09947,0.322038888889,0.237698206019,1.2,-0.0193423591554,0.100842,0.322634375,0.245803433642,1.2,-0.0502901338041,0.1119895,0.326802777778,0.261186824846
1.21,-0.0193423591554,,,,1.21,-0.0502901338041,,,,1.21,-0.0193423591554,,,,1.21,-0.0502901338041,,,,1.21,-0.0193423591554,,,
1.22,-0.0502901338041,,,,1.22,-0.0193423591554,,,,1.22,-0.0193423591554,,,,1.22,-0.0193423591554,,,,1.22,-0.0502901338041,,,
1.23,-0.0193423591554,,,,1.23,-0.0193423591554,,,,1.23,-0.0193423591554,,,,1.23,-0.0193423591554,,,,1.23,-0.0193423591554,,,
1.24,-0.0193423591554,0.159152,0.379562847222,0.319412133488,1.24,-0.0193423591554,0.116963,0.330494791667,0.239104214892,1.24,-0.0193423591554,0.1123325,0.331923958333,0.264660493827,1.24,-0.0193423591554,0.1143905,0.334782291667,0.216442660108,1.24,-0.0193423591554,0.125538,0.337878819444,0.265570264275
1.25,-0.0193423591554,,,,1.25,-0.0502901338041,,,,1.25,-0.0193423591554,,,,1.25,0.0116054154932,,,,1.25,-0.0502901338041,,,
1.26,-0.0193423591554,,,,1.26,-0.0193423591554,,,,1.26,-0.0193423591554,,,,1.26,-0.0193423591554,,,,1.26,-0.0193423591554,,,
1.27,-0.0502901338041,,,,1.27,-0.0193423591554,,,,1.27,-0.0502901338041,,,,1.27,-0.0502901338041,,,,1.27,-0.0502901338041,,,
1.28,-0.0193423591554,0.1740725,0.39230625,0.451990499614,1.28,0.0116054154932,0.129997,0.341809027778,0.270946180556,1.28,-0.0502901338041,0.125881,0.344786458333,0.25763044946,1.28,-0.0193423591554,0.127939,0.339784375,0.182698447145,1.28,-0.0502901338041,0.1390865,0.347049305556,0.273675491898
1.29,-0.0193423591554,,,,1.29,-0.0502901338041,,,,1.29,-0.0193423591554,,,,1.29,-0.0193423591554,,,,1.29,-0.0502901338041,,,
1.3,-0.0193423591554,,,,1.3,-0.0193423591554,,,,1.3,-0.0193423591554,,,,1.3,-0.0193423591554,,,,1.3,-0.0502901338041,,,
1.31,-0.0193423591554,,,,1.31,-0.0502901338041,,,,1.31,-0.0193423591554,,,,1.31,-0.0502901338041,,,,1.31,-0.0502901338041,,,
1.32,-0.0502901338041,0.1898505,0.420175,0.458276186343,1.32,0.0116054154932,0.1442315,0.354314236111,0.264660493827,1.32,-0.0193423591554,0.1401155,0.353123263889,0.24729214892,1.32,-0.0193423591554,0.1414875,0.346215625,0.227525318287,1.32,0.0116054154932,0.1528065,0.364556597222,0.194111930941
1.33,-0.0193423591554,,,,1.33,-0.0193423591554,,,,1.33,-0.0502901338041,,,,1.33,-0.0502901338041,,,,1.33,-0.0193423591554,,,
1.34,-0.0502901338041,,,,1.34,-0.0193423591554,,,,1.34,-0.0193423591554,,,,1.34,-0.0193423591554,,,,1.34,-0.0193423591554,,,
1.35,-0.0502901338041,,,,1.35,-0.0193423591554,,,,1.35,-0.0193423591554,,,,1.35,-0.0502901338041,,,,1.35,-0.0502901338041,,,
1.36,-0.0193423591554,0.2080295,0.438396875,0.234059124228,1.36,-0.0502901338041,0.1586375,0.361936458333,0.283600260417,1.36,-0.0502901338041,0.1541785,0.361817361111,0.299810715664,1.36,-0.0193423591554,0.1555505,0.355981597222,0.323051215278,1.36,-0.0502901338041,0.1692705,0.362531944444,0.131089650849
1.37,-0.0193423591554,,,,1.37,-0.0193423591554,,,,1.37,-0.0193423591554,,,,1.37,-0.0502901338041,,,,1.37,0.0116054154932,,,
1.38,-0.0502901338041,,,,1.38,-0.0193423591554,,,,1.38,0.0116054154932,,,,1.38,-0.0502901338041,,,,1.38,-0.0502901338041,,,
1.39,-0.0502901338041,,,,1.39,0.0116054154932,,,,1.39,0.0116054154932,,,,1.39,-0.0193423591554,,,,1.39,-0.0193423591554,,,
1.4,-0.0193423591554,0.225351,0.443994444444,-0.0897364486883,1.4,0.0116054154932,0.1730435,0.373250694444,0.364900655864,1.4,-0.0193423591554,0.1689275,0.374084375,0.400712528935,1.4,-0.0193423591554,0.169785,0.37086875,0.428336467978,1.4,-0.0502901338041,0.18179,0.361936458333,0.324788049769
1.41,-0.0193423591554,,,,1.41,-0.0193423591554,,,,1.41,-0.0193423591554,,,,1.41,-0.0502901338041,,,,1.41,-0.0502901338041,,,
1.42,0.0116054154932,,,,1.42,-0.0193423591554,,,,1.42,-0.0193423591554,,,,1.42,-0.0193423591554,,,,1.42,-0.0193423591554,,,
1.43,-0.0193423591554,,,,1.43,-0.0193423591554,,,,1.43,-0.0193423591554,,,,1.43,-0.0502901338041,,,,1.43,-0.0502901338041,,,
1.44,-0.0193423591554,0.2447305,0.423390625,-0.211149450231,1.44,0.0116054154932,0.187964,0.395045486111,0.343066165123,1.44,-0.0193423591554,0.183505,0.398380208333,0.387479504244,1.44,0.0116054154932,0.1847055,0.396236458333,0.381193817515,1.44,-0.0502901338041,0.196539,0.394807291667,0.377802854938
1.45,-0.0193423591554,,,,1.45,0.0116054154932,,,,1.45,-0.0502901338041,,,,1.45,-0.0193423591554,,,,1.45,-0.0502901338041,,,
1.46,-0.0193423591554,,,,1.46,-0.0193423591554,,,,1.46,-0.0193423591554,,,,1.46,-0.0502901338041,,,,1.46,-0.0193423591554,,,
1.47,-0.0193423591554,,,,1.47,-0.0193423591554,,,,1.47,-0.0502901338041,,,,1.47,0.0116054154932,,,,1.47,0.0116054154932,,,
1.48,-0.0502901338041,0.258965,0.408979861111,0.0844432388117,1.48,-0.0502901338041,0.2049425,0.408741666667,0.148954234182,1.48,-0.0193423591554,0.2011695,0.414220138889,0.161112075617,1.48,-0.0193423591554,0.202027,0.408741666667,0.159127121914,1.48,-0.0193423591554,0.214375,0.406955208333,0.126540798611
1.49,-0.0502901338041,,,,1.49,-0.0193423591554,,,,1.49,-0.0502901338041,,,,1.49,0.0116054154932,,,,1.49,-0.0502901338041,,,
1.5,-0.0502901338041,,,,1.5,-0.0502901338041,,,,1.5,-0.0193423591554,,,,1.5,-0.0502901338041,,,,1.5,-0.0193423591554,,,
1.51,-0.0193423591554,,,,1.51,-0.0193423591554,,,,1.51,-0.0193423591554,,,,1.51,-0.0193423591554,,,,1.51,-0.0502901338041,,,
1.52,-0.0193423591554,0.275772,0.431727430556,0.364735243056,1.52,-0.0193423591554,0.2214065,0.406002430556,-0.0129849054784,1.52,-0.0193423591554,0.217462,0.40945625,-0.0243983892747,1.52,-0.0502901338041,0.2179765,0.406717013889,-0.0115788966049,1.52,-0.0502901338041,0.230153,0.397070138889,0.0322554976852
1.53,-0.0193423591554,,,,1.53,-0.0193423591554,,,,1.53,-0.0193423591554,,,,1.53,-0.0193423591554,,,,1.53,-0.0502901338041,,,
1.54,-0.0502901338041,,,,1.54,-0.0193423591554,,,,1.54,-0.0193423591554,,,,1.54,-0.0193423591554,,,,1.54,-0.0193423591554,,,
1.55,-0.0193423591554,,,,1.55,-0.0193423591554,,,,1.55,-0.0502901338041,,,,1.55,-0.0193423591554,,,,1.55,-0.0502901338041,,,
1.56,-0.0502901338041,0.2937795,0.451259375,0.360682629244,1.56,-0.0193423591554,0.237699,0.396712847222,0.0776613136574,1.56,-0.0193423591554,0.2337545,0.406955208333,-0.0558268229167,1.56,-0.0193423591554,0.234612,0.402072222222,-0.026548755787,1.56,-0.0193423591554,0.2454165,0.399809375,0.160036892361
1.57,-0.0193423591554,,,,1.57,0.0116054154932,,,,1.57,-0.0193423591554,,,,1.57,-0.0502901338041,,,,1.57,-0.0193423591554,,,
1.58,-0.0502901338041,,,,1.58,-0.0193423591554,,,,1.58,-0.0193423591554,,,,1.58,-0.0193423591554,,,,1.58,-0.0502901338041,,,
1.59,-0.0193423591554,,,,1.59,-0.0193423591554,,,,1.59,-0.0193423591554,,,,1.59,-0.0193423591554,,,,1.59,-0.0193423591554,,,
1.6,-0.0193423591554,0.3123015,0.463169097222,0.266562741127,1.6,-0.0502901338041,0.2522765,0.407431597222,0.278058931327,1.6,-0.0193423591554,0.2505615,0.395521875,0.140270061728,1.6,-0.0502901338041,0.2502185,0.397189236111,0.152179783951,1.6,-0.0502901338041,0.2618805,0.410766319444,0.286329571759
1.61,-0.0502901338041,,,,1.61,-0.0502901338041,,,,1.61,-0.0502901338041,,,,1.61,-0.0502901338041,,,,1.61,-0.0193423591554,,,
1.62,-0.0502901338041,,,,1.62,-0.0193423591554,,,,1.62,-0.0193423591554,,,,1.62,-0.0193423591554,,,,1.62,-0.0502901338041,,,
1.63,-0.0193423591554,,,,1.63,-0.0193423591554,,,,1.63,0.0116054154932,,,,1.63,-0.0193423591554,,,,1.63,-0.0502901338041,,,
1.64,-0.0193423591554,0.330995,0.469362152778,0.223472704475,1.64,0.0116054154932,0.269941,0.425653472222,0.329915846836,1.64,-0.0193423591554,0.26411,0.412910069444,0.439998070988,1.64,-0.0193423591554,0.2656535,0.411361805556,0.384502073688,1.64,-0.0502901338041,0.278173,0.424819791667,0.34414134838
1.65,-0.0193423591554,,,,1.65,-0.0502901338041,,,,1.65,-0.0193423591554,,,,1.65,0.0116054154932,,,,1.65,-0.0193423591554,,,
1.66,-0.0193423591554,,,,1.66,0.0116054154932,,,,1.66,-0.0502901338041,,,,1.66,-0.0193423591554,,,,1.66,-0.0193423591554,,,
1.67,-0.0193423591554,,,,1.67,-0.0193423591554,,,,1.67,-0.0193423591554,,,,1.67,0.0116054154932,,,,1.67,-0.0502901338041,,,
1.68,-0.0502901338041,0.3496885,0.478651736111,0.242660590278,1.68,-0.0193423591554,0.286405,0.443279861111,0.164585744599,1.68,0.0116054154932,0.2828035,0.447329166667,0.376066020448,1.68,-0.0193423591554,0.282632,0.435895833333,0.414689911265,1.68,-0.0502901338041,0.295323,0.448401041667,0.179059365355
1.69,-0.0193423591554,,,,1.69,-0.0502901338041,,,,1.69,-0.0502901338041,,,,1.69,-0.0502901338041,,,,1.69,-0.0502901338041,,,
1.7,-0.0193423591554,,,,1.7,-0.0193423591554,,,,1.7,-0.0193423591554,,,,1.7,-0.0502901338041,,,,1.7,-0.0502901338041,,,
1.71,-0.0502901338041,,,,1.71,0.0116054154932,,,,1.71,-0.0502901338041,,,,1.71,-0.0193423591554,,,,1.71,-0.0502901338041,,,
1.72,-0.0193423591554,0.3692395,0.489132291667,0.263006365741,1.72,-0.0193423591554,0.3064705,0.436848611111,0.0207593074846,1.72,-0.0193423591554,0.301497,0.448996527778,0.16499927662,1.72,-0.0193423591554,0.3006395,0.456737847222,0.172525559414,1.72,-0.0193423591554,0.31556,0.440183333333,-0.00190224729939
1.73,-0.0193423591554,,,,1.73,-0.0193423591554,,,,1.73,-0.0193423591554,,,,1.73,-0.0193423591554,,,,1.73,-0.0502901338041,,,
1.74,0.0116054154932,,,,1.74,-0.0193423591554,,,,1.74,-0.0193423591554,,,,1.74,-0.0193423591554,,,,1.74,0.0116054154932,,,
1.75,0.0116054154932,,,,1.75,-0.0502901338041,,,,1.75,0.0116054154932,,,,1.75,0.0116054154932,,,,1.75,-0.0193423591554,,,
1.76,-0.0193423591554,0.3887905,0.500565625,0.26796875,1.76,-0.0193423591554,0.3208765,0.438039583333,0.0388720100309,1.76,-0.0502901338041,0.318647,0.450663888889,0.145067033179,1.76,-0.0502901338041,0.3205335,0.44804375,-0.033744212963,1.76,-0.0502901338041,0.3304805,0.432799305556,0.146721161265
1.77,-0.0193423591554,,,,1.77,-0.0502901338041,,,,1.77,-0.0193423591554,,,,1.77,-0.0502901338041,,,,1.77,-0.0502901338041,,,
1.78,-0.0193423591554,,,,1.78,-0.0193423591554,,,,1.78,-0.0193423591554,,,,1.78,-0.0193423591554,,,,1.78,-0.0193423591554,,,
1.79,-0.0502901338041,,,,1.79,-0.0193423591554,,,,1.79,0.0116054154932,,,,1.79,-0.0502901338041,,,,1.79,-0.0193423591554,,,
1.8,-0.0193423591554,0.4093705,0.510569791667,0.268878520448,1.8,-0.0193423591554,0.3414565,0.441136111111,0.0633531057099,1.8,-0.0502901338041,0.337169,0.458286111111,0.194442756559,1.8,-0.0193423591554,0.336483,0.438277777778,0.107022087191,1.8,-0.0502901338041,0.348831,0.453284027778,0.285171682099
1.81,-0.0193423591554,,,,1.81,-0.0193423591554,,,,1.81,-0.0193423591554,,,,1.81,-0.0193423591554,,,,1.81,0.0116054154932,,,
1.82,-0.0193423591554,,,,1.82,-0.0193423591554,,,,1.82,-0.0193423591554,,,,1.82,-0.0193423591554,,,,1.82,-0.0193423591554,,,
1.83,-0.0502901338041,,,,1.83,-0.0193423591554,,,,1.83,-0.0193423591554,,,,1.83,-0.0193423591554,,,,1.83,-0.0502901338041,,,
1.84,0.0116054154932,0.4296075,0.521050347222,0.286577690972,1.84,-0.0193423591554,0.3565485,0.438039583333,0.203209635417,1.84,-0.0502901338041,0.355348,0.466980208333,0.246547791281,1.84,-0.0502901338041,0.354319,0.455546875,0.296998697917,1.84,-0.0502901338041,0.367353,0.46305,0.277231867284
1.85,-0.0193423591554,,,,1.85,-0.0193423591554,,,,1.85,0.0116054154932,,,,1.85,-0.0193423591554,,,,1.85,-0.0502901338041,,,
1.86,-0.0193423591554,,,,1.86,-0.0193423591554,,,,1.86,-0.0502901338041,,,,1.86,-0.0193423591554,,,,1.86,-0.0193423591554,,,
1.87,-0.0502901338041,,,,1.87,-0.0193423591554,,,,1.87,-0.0193423591554,,,,1.87,-0.0193423591554,,,,1.87,-0.0193423591554,,,
1.88,-0.0193423591554,0.4508735,0.535103819444,0.270284529321,1.88,-0.0193423591554,0.3754135,0.4587625,0.304855806327,1.88,-0.0193423591554,0.3743845,0.479247222222,0.26490861304,1.88,0.0116054154932,0.373184,0.469957638889,0.326607590664,1.88,-0.0502901338041,0.385875,0.474245138889,0.273261959877
1.89,-0.0502901338041,,,,1.89,-0.0193423591554,,,,1.89,-0.0193423591554,,,,1.89,-0.0193423591554,,,,1.89,-0.0193423591554,,,
1.9,0.0116054154932,,,,1.9,-0.0502901338041,,,,1.9,-0.0193423591554,,,,1.9,-0.0502901338041,,,,1.9,-0.0502901338041,,,
1.91,-0.0502901338041,,,,1.91,0.0116054154932,,,,1.91,-0.0502901338041,,,,1.91,-0.0193423591554,,,,1.91,-0.0193423591554,,,
1.92,-0.0193423591554,0.472654,0.543559722222,0.24729214892,1.92,0.0116054154932,0.393764,0.468766666667,0.266480034722,1.92,-0.0502901338041,0.393764,0.489727777778,0.243901186343,1.92,-0.0193423591554,0.392049,0.482820138889,0.306427228009,1.92,-0.0502901338041,0.4052545,0.484606597222,0.263419897762
1.93,-0.0193423591554,,,,1.93,-0.0502901338041,,,,1.93,-0.0502901338041,,,,1.93,-0.0502901338041,,,,1.93,-0.0193423591554,,,
1.94,-0.0502901338041,,,,1.94,-0.0502901338041,,,,1.94,-0.0502901338041,,,,1.94,-0.0502901338041,,,,1.94,-0.0502901338041,,,
1.95,-0.0193423591554,,,,1.95,-0.0193423591554,,,,1.95,0.0116054154932,,,,1.95,-0.0193423591554,,,,1.95,-0.0193423591554,,,
1.96,-0.0502901338041,0.4944345,0.552015625,0.289885947145,1.96,-0.0502901338041,0.412972,0.478651736111,0.244562837577,1.96,-0.0193423591554,0.413658,0.498183680556,0.23199146412,1.96,-0.0193423591554,0.4117715,0.494968055556,0.260525173611,1.96,-0.0193423591554,0.424634,0.495325347222,0.258126687886
1.97,-0.0502901338041,,,,1.97,-0.0193423591554,,,,1.97,-0.0193423591554,,,,1.97,-0.0193423591554,,,,1.97,-0.0193423591554,,,
1.98,-0.0193423591554,,,,1.98,-0.0502901338041,,,,1.98,-0.0193423591554,,,,1.98,-0.0502901338041,,,,1.98,-0.0193423591554,,,
1.99,-0.0502901338041,,,,1.99,-0.0193423591554,,,,1.99,-0.0193423591554,,,,1.99,-0.0193423591554,,,,1.99,-0.0193423591554,,,
2,-0.0502901338041,0.5167295,0.562853472222,0.397238859954,2,0.0116054154932,0.4320085,0.487941319444,0.224299768519,2,-0.0502901338041,0.433552,0.507711458333,0.233480179398,2,-0.0502901338041,0.431837,0.502828472222,0.236623022762,2,-0.0502901338041,0.444871,0.506163194444,0.234224537037
2.01,-0.0193423591554,,,,2.01,-0.0193423591554,,,,2.01,-0.0502901338041,,,,2.01,0.0116054154932,,,,2.01,-0.0502901338041,,,
2.02,-0.0193423591554,,,,2.02,0.0116054154932,,,,2.02,-0.0193423591554,,,,2.02,-0.0502901338041,,,,2.02,-0.0193423591554,,,
2.03,-0.0502901338041,,,,2.03,-0.0502901338041,,,,2.03,-0.0193423591554,,,,2.03,-0.0193423591554,,,,2.03,-0.0502901338041,,,
2.04,-0.0193423591554,0.5386815,0.589054861111,0.38069757909,2.04,0.0116054154932,0.452074,0.496159027778,0.218923852238,2.04,-0.0193423591554,0.4543035,0.516881944444,0.235713252315,2.04,-0.0193423591554,0.4519025,0.512594444444,0.244976369599,2.04,0.0116054154932,0.4652795,0.513547222222,0.22471330054
2.05,-0.0193423591554,,,,2.05,0.0116054154932,,,,2.05,-0.0193423591554,,,,2.05,-0.0193423591554,,,,2.05,-0.0193423591554,,,
2.06,-0.0502901338041,,,,2.06,0.0116054154932,,,,2.06,-0.0502901338041,,,,2.06,0.0116054154932,,,,2.06,-0.0502901338041,,,
2.07,-0.0502901338041,,,,2.07,0.0116054154932,,,,2.07,-0.0193423591554,,,,2.07,-0.0193423591554,,,,2.07,-0.0502901338041,,,
2.08,0.0116054154932,0.5644065,0.602989236111,0.15714216821,2.08,-0.0502901338041,0.471625,0.505448611111,0.218427613812,2.08,-0.0193423591554,0.4748835,0.526290625,0.243735773534,2.08,-0.0193423591554,0.4728255,0.522717708333,0.252750771605,2.08,-0.0502901338041,0.4858595,0.522836805556,0.252171826775
2.09,0.0116054154932,,,,2.09,-0.0193423591554,,,,2.09,-0.0193423591554,,,,2.09,-0.0193423591554,,,,2.09,-0.0193423591554,,,
2.1,-0.0193423591554,,,,2.1,0.0116054154932,,,,2.1,-0.0193423591554,,,,2.1,-0.0193423591554,,,,2.1,-0.0502901338041,,,
2.11,-0.0502901338041,,,,2.11,-0.0193423591554,,,,2.11,-0.0193423591554,,,,2.11,-0.0193423591554,,,,2.11,-0.0502901338041,,,
2.12,-0.0502901338041,0.587902,0.595486111111,0.0615335648148,2.12,-0.0193423591554,0.492548,0.514142708333,0.218923852238,2.12,-0.0193423591554,0.496321,0.537485763889,0.231247106481,2.12,-0.0502901338041,0.4937485,0.532364583333,0.277645399306,2.12,-0.0502901338041,0.5071255,0.532840972222,0.301547550154
2.13,-0.0502901338041,,,,2.13,-0.0193423591554,,,,2.13,-0.0502901338041,,,,2.13,-0.0502901338041,,,,2.13,-0.0193423591554,,,
2.14,-0.0193423591554,,,,2.14,-0.0193423591554,,,,2.14,-0.0193423591554,,,,2.14,-0.0193423591554,,,,2.14,-0.0502901338041,,,
2.15,-0.0502901338041,,,,2.15,-0.0193423591554,,,,2.15,-0.0193423591554,,,,2.15,-0.0502901338041,,,,2.15,-0.0193423591554,,,
2.16,-0.0193423591554,0.6113975,0.600130902778,0.143082079475,2.16,0.0116054154932,0.5129565,0.519978472222,0.280126591435,2.16,-0.0502901338041,0.5181015,0.544036111111,0.240675636574,2.16,-0.0193423591554,0.5153575,0.544393402778,0.311637731481,2.16,-0.0193423591554,0.5283915,0.545584375,0.365645013503
2.17,-0.0193423591554,,,,2.17,-0.0502901338041,,,,2.17,-0.0193423591554,,,,2.17,-0.0502901338041,,,,2.17,-0.0193423591554,,,
2.18,-0.0193423591554,,,,2.18,-0.0193423591554,,,,2.18,-0.0193423591554,,,,2.18,-0.0193423591554,,,,2.18,-0.0193423591554,,,
2.19,-0.0193423591554,,,,2.19,-0.0193423591554,,,,2.19,-0.0193423591554,,,,2.19,-0.0193423591554,,,,2.19,-0.0193423591554,,,
2.2,-0.0193423591554,0.6357505,0.608586805556,0.212803578318,2.2,-0.0193423591554,0.533708,0.535222916667,0.351667631173,2.2,-0.0193423591554,0.5397105,0.554754861111,0.28500626929,2.2,-0.0193423591554,0.5373095,0.556303125,0.352081163194,2.2,0.0116054154932,0.5503435,0.566545486111,0.320652729552
2.21,-0.0193423591554,,,,2.21,-0.0502901338041,,,,2.21,-0.0502901338041,,,,2.21,-0.0193423591554,,,,2.21,-0.0502901338041,,,
2.22,0.0116054154932,,,,2.22,0.0116054154932,,,,2.22,-0.0502901338041,,,,2.22,-0.0193423591554,,,,2.22,-0.0193423591554,,,
2.23,-0.0502901338041,,,,2.23,-0.0502901338041,,,,2.23,0.0116054154932,,,,2.23,-0.0193423591554,,,,2.23,-0.0502901338041,,,
2.24,0.0116054154932,0.6601035,0.618590972222,0.251841001157,2.24,-0.0502901338041,0.5554885,0.55523125,0.264577787423,2.24,-0.0193423591554,0.5623485,0.567379166667,0.30510392554,2.24,0.0116054154932,0.559433,0.576430555556,0.301878375772,2.24,-0.0193423591554,0.574182,0.57666875,0.15772111304
2.25,-0.0193423591554,,,,2.25,0.0116054154932,,,,2.25,-0.0193423591554,,,,2.25,-0.0193423591554,,,,2.25,-0.0193423591554,,,
2.26,-0.0193423591554,,,,2.26,-0.0193423591554,,,,2.26,-0.0193423591554,,,,2.26,-0.0502901338041,,,,2.26,-0.0502901338041,,,
2.27,0.0116054154932,,,,2.27,0.0116054154932,,,,2.27,-0.0193423591554,,,,2.27,-0.0193423591554,,,,2.27,-0.0193423591554,,,
2.28,-0.0193423591554,0.6851425,0.630381597222,0.243322241512,2.28,0.0116054154932,0.5788125,0.560471527778,0.0907289255401,2.28,-0.0502901338041,0.584815,0.584767361111,0.219585503472,2.28,-0.0502901338041,0.5839575,0.584767361111,0.157390287423,2.28,-0.0193423591554,0.5969915,0.575239583333,0.080390625
2.29,-0.0502901338041,,,,2.29,-0.0193423591554,,,,2.29,-0.0193423591554,,,,2.29,-0.0502901338041,,,,2.29,-0.0193423591554,,,
2.3,-0.0193423591554,,,,2.3,-0.0193423591554,,,,2.3,-0.0193423591554,,,,2.3,-0.0502901338041,,,,2.3,-0.0193423591554,,,
2.31,-0.0193423591554,,,,2.31,0.0116054154932,,,,2.31,-0.0193423591554,,,,2.31,-0.0193423591554,,,,2.31,-0.0193423591554,,,
2.32,-0.0193423591554,0.710696,0.638599305556,0.220991512346,2.32,-0.0193423591554,0.6007645,0.555588541667,0.062608748071,2.32,-0.0193423591554,0.6100255,0.584767361111,0.146969280478,2.32,-0.0502901338041,0.6065955,0.584171875,0.115292727623,2.32,-0.0193423591554,0.6199725,0.577621527778,0.13092423804
2.33,-0.0502901338041,,,,2.33,0.0116054154932,,,,2.33,0.0116054154932,,,,2.33,-0.0193423591554,,,,2.33,-0.0502901338041,,,
2.34,-0.0502901338041,,,,2.34,-0.0193423591554,,,,2.34,-0.0193423591554,,,,2.34,-0.0502901338041,,,,2.34,-0.0193423591554,,,
2.35,-0.0502901338041,,,,2.35,-0.0193423591554,,,,2.35,-0.0193423591554,,,,2.35,-0.0502901338041,,,,2.35,-0.0502901338041,,,
2.36,-0.0193423591554,0.7362495,0.646578819444,0.22893132716,2.36,0.0116054154932,0.6227165,0.561067013889,0.142255015432,2.36,-0.0502901338041,0.6316345,0.584529166667,0.31238208912,2.36,-0.0193423591554,0.6302625,0.591555902778,0.136961805556,2.36,-0.0193423591554,0.6429535,0.585601041667,0.201141975309
2.37,-0.0193423591554,,,,2.37,-0.0193423591554,,,,2.37,-0.0193423591554,,,,2.37,-0.0502901338041,,,,2.37,-0.0502901338041,,,
2.38,-0.0193423591554,,,,2.38,0.0116054154932,,,,2.38,-0.0193423591554,,,,2.38,-0.0502901338041,,,,2.38,-0.0502901338041,,,
2.39,0.0116054154932,,,,2.39,0.0116054154932,,,,2.39,0.0116054154932,,,,2.39,-0.0193423591554,,,,2.39,-0.0502901338041,,,
2.4,-0.0502901338041,0.7623175,0.656463888889,0.248119212963,2.4,-0.0193423591554,0.645526,0.569880208333,0.178728539738,2.4,-0.0502901338041,0.6553015,0.614422569444,0.369284095293,2.4,-0.0502901338041,0.654101,0.595605208333,0.164006799769,2.4,-0.0502901338041,0.666792,0.595605208333,0.231495225694
2.41,-0.0502901338041,,,,2.41,-0.0193423591554,,,,2.41,-0.0502901338041,,,,2.41,-0.0193423591554,,,,2.41,-0.0193423591554,,,
2.42,-0.0193423591554,,,,2.42,-0.0193423591554,,,,2.42,-0.0502901338041,,,,2.42,-0.0193423591554,,,,2.42,-0.0193423591554,,,
2.43,-0.0193423591554,,,,2.43,-0.0193423591554,,,,2.43,-0.0193423591554,,,,2.43,-0.0193423591554,,,,2.43,-0.0193423591554,,,
2.44,-0.0193423591554,0.7887285,0.667420833333,0.249856047454,2.44,-0.0193423591554,0.668507,0.576073263889,0.197089361497,2.44,-0.0502901338041,0.681541,0.627404166667,0.156894048997,2.44,-0.0502901338041,0.677768,0.603703819444,0.211562982253,2.44,-0.0193423591554,0.6906305,0.605013888889,0.23331476659
2.45,-0.0193423591554,,,,2.45,-0.0502901338041,,,,2.45,-0.0193423591554,,,,2.45,-0.0193423591554,,,,2.45,-0.0193423591554,,,
2.46,-0.0502901338041,,,,2.46,-0.0193423591554,,,,2.46,-0.0193423591554,,,,2.46,-0.0502901338041,,,,2.46,-0.0502901338041,,,
2.47,-0.0193423591554,,,,2.47,-0.0193423591554,,,,2.47,-0.0193423591554,,,,2.47,-0.0193423591554,,,,2.47,-0.0193423591554,,,
2.48,-0.0193423591554,0.8158255,0.676353125,0.250683111497,2.48,-0.0502901338041,0.691488,0.584648263889,0.225374951775,2.48,-0.0193423591554,0.7064085,0.622402083333,0.0456539351852,2.48,-0.0193423591554,0.7022925,0.613946180556,0.224382474923,2.48,-0.0193423591554,0.715155,0.615137152778,0.21321711034
2.49,-0.0502901338041,,,,2.49,-0.0193423591554,,,,2.49,-0.0193423591554,,,,2.49,-0.0502901338041,,,,2.49,-0.0502901338041,,,
2.5,0.0116054154932,,,,2.5,-0.0193423591554,,,,2.5,-0.0193423591554,,,,2.5,-0.0502901338041,,,,2.5,-0.0193423591554,,,
2.51,0.0116054154932,,,,2.51,-0.0193423591554,,,,2.51,-0.0502901338041,,,,2.51,-0.0193423591554,,,,2.51,-0.0502901338041,,,
2.52,-0.0193423591554,0.842751,0.686833680556,0.261600356867,2.52,0.0116054154932,0.715155,0.595605208333,0.222562934028,2.52,-0.0502901338041,0.731276,0.617757291667,0.214209587191,2.52,-0.0502901338041,0.7269885,0.622282986111,0.221735869985,2.52,-0.0193423591554,0.7400225,0.621330208333,0.209412615741
2.53,-0.0193423591554,,,,2.53,-0.0502901338041,,,,2.53,-0.0193423591554,,,,2.53,-0.0193423591554,,,,2.53,-0.0193423591554,,,
2.54,-0.0502901338041,,,,2.54,-0.0502901338041,,,,2.54,-0.0502901338041,,,,2.54,-0.0193423591554,,,,2.54,-0.0193423591554,,,
2.55,-0.0502901338041,,,,2.55,-0.0193423591554,,,,2.55,-0.0193423591554,,,,2.55,-0.0193423591554,,,,2.55,-0.0193423591554,,,
2.56,-0.0193423591554,0.8707055,0.698624305556,0.244645543981,2.56,-0.0193423591554,0.7393365,0.602870138889,0.211066743827,2.56,-0.0502901338041,0.7546,0.639194791667,0.402697482639,2.56,-0.0502901338041,0.7520275,0.631572569444,0.219502797068,2.56,-0.0502901338041,0.7647185,0.630619791667,0.234968894676
2.57,-0.0193423591554,,,,2.57,0.0116054154932,,,,2.57,-0.0193423591554,,,,2.57,-0.0193423591554,,,,2.57,-0.0193423591554,,,
2.58,0.0116054154932,,,,2.58,-0.0193423591554,,,,2.58,-0.0502901338041,,,,2.58,0.0116054154932,,,,2.58,-0.0502901338041,,,
2.59,-0.0193423591554,,,,2.59,-0.0502901338041,,,,2.59,-0.0193423591554,,,,2.59,-0.0193423591554,,,,2.59,-0.0502901338041,,,
2.6,-0.0193423591554,0.8988315,0.706365625,0.229510271991,2.6,-0.0193423591554,0.7633465,0.610849652778,0.230998987269,2.6,-0.0193423591554,0.782383,0.662776041667,0.319412133488,2.6,-0.0502901338041,0.777581,0.639552083333,0.222893759645,2.6,0.0116054154932,0.7904435,0.640743055556,0.247788387346
2.61,-0.0193423591554,,,,2.61,-0.0193423591554,,,,2.61,0.0116054154932,,,,2.61,-0.0193423591554,,,,2.61,-0.0193423591554,,,
2.62,-0.0502901338041,,,,2.62,-0.0193423591554,,,,2.62,-0.0193423591554,,,,2.62,-0.0193423591554,,,,2.62,-0.0502901338041,,,
2.63,-0.0502901338041,,,,2.63,-0.0193423591554,,,,2.63,-0.0502901338041,,,,2.63,-0.0502901338041,,,,2.63,-0.0193423591554,,,
2.64,-0.0193423591554,0.927129,0.715893402778,0.238525270062,2.64,0.0116054154932,0.7880425,0.622044791667,0.237946325231,2.64,-0.0193423591554,0.8086225,0.665634375,0.197006655093,2.64,-0.0193423591554,0.8031345,0.648722569444,0.239517746914,2.64,-0.0193423591554,0.815997,0.650628125,0.253577835648
2.65,-0.0502901338041,,,,2.65,-0.0193423591554,,,,2.65,-0.0193423591554,,,,2.65,0.0116054154932,,,,2.65,-0.0193423591554,,,
2.66,-0.0502901338041,,,,2.66,-0.0193423591554,,,,2.66,-0.0193423591554,,,,2.66,-0.0502901338041,,,,2.66,-0.0502901338041,,,
2.67,-0.0193423591554,,,,2.67,-0.0193423591554,,,,2.67,-0.0502901338041,,,,2.67,-0.0193423591554,,,,2.67,-0.0502901338041,,,
2.68,-0.0502901338041,0.9561125,0.725302083333,0.250848524306,2.68,-0.0193423591554,0.813253,0.630619791667,0.229262152778,2.68,-0.0193423591554,0.8353765,0.672422916667,0.192705922068,2.68,-0.0502901338041,0.829374,0.660036805556,0.228104263117,2.68,-0.0502901338041,0.842408,0.662180555556,0.231495225694
2.69,-0.0502901338041,,,,2.69,-0.0193423591554,,,,2.69,-0.0502901338041,,,,2.69,-0.0502901338041,,,,2.69,-0.0193423591554,,,
2.7,-0.0502901338041,,,,2.7,-0.0193423591554,,,,2.7,-0.0193423591554,,,,2.7,-0.0502901338041,,,,2.7,-0.0193423591554,,,
2.71,-0.0193423591554,,,,2.71,-0.0193423591554,,,,2.71,0.0116054154932,,,,2.71,-0.0193423591554,,,,2.71,-0.0193423591554,,,
2.72,-0.0502901338041,0.985096,0.736020833333,0.259449990355,2.72,-0.0193423591554,0.8384635,0.639671180556,0.232404996142,2.72,-0.0502901338041,0.862302,0.680402430556,0.217021604938,2.72,-0.0502901338041,0.856128,0.667301736111,0.210405092593,2.72,-0.0193423591554,0.869162,0.669326388889,0.208420138889
2.73,-0.0193423591554,,,,2.73,-0.0193423591554,,,,2.73,-0.0502901338041,,,,2.73,-0.0502901338041,,,,2.73,-0.0502901338041,,,
2.74,-0.0193423591554,,,,2.74,-0.0193423591554,,,,2.74,-0.0193423591554,,,,2.74,-0.0193423591554,,,,2.74,-0.0502901338041,,,
2.75,-0.0502901338041,,,,2.75,0.0116054154932,,,,2.75,-0.0502901338041,,,,2.75,-0.0502901338041,,,,2.75,-0.0502901338041,,,
2.76,-0.0193423591554,1.014937,0.747692361111,0.231577932099,2.76,-0.0502901338041,0.86436,0.649913541667,0.221239631559,2.76,-0.0502901338041,0.889742,0.691002083333,0.225953896605,2.76,-0.0193423591554,0.8827105,0.675638541667,0.218758439429,2.76,-0.0193423591554,0.895916,0.677425,0.222893759645
2.77,-0.0502901338041,,,,2.77,-0.0193423591554,,,,2.77,-0.0502901338041,,,,2.77,-0.0193423591554,,,,2.77,-0.0193423591554,,,
2.78,-0.0193423591554,,,,2.78,-0.0193423591554,,,,2.78,-0.0502901338041,,,,2.78,-0.0502901338041,,,,2.78,-0.0193423591554,,,
2.79,-0.0193423591554,,,,2.79,-0.0502901338041,,,,2.79,-0.0193423591554,,,,2.79,-0.0193423591554,,,,2.79,-0.0193423591554,,,
2.8,-0.0502901338041,1.045121,0.754719097222,0.203044222608,2.8,-0.0193423591554,0.8905995,0.657178472222,0.215863715278,2.8,-0.0193423591554,0.9176965,0.699100694444,0.218923852238,2.8,-0.0193423591554,0.9101505,0.684570833333,0.231164400077,2.8,-0.0502901338041,0.923356,0.685642708333,0.280374710648
2.81,-0.0193423591554,,,,2.81,-0.0193423591554,,,,2.81,-0.0193423591554,,,,2.81,-0.0193423591554,,,,2.81,-0.0502901338041,,,
2.82,-0.0193423591554,,,,2.82,-0.0502901338041,,,,2.82,-0.0193423591554,,,,2.82,-0.0193423591554,,,,2.82,-0.0193423591554,,,
2.83,-0.0193423591554,,,,2.83,-0.0193423591554,,,,2.83,-0.0193423591554,,,,2.83,-0.0193423591554,,,,2.83,-0.0502901338041,,,
2.84,-0.0502901338041,1.075305,0.761984027778,0.220908805941,2.84,-0.0193423591554,0.916839,0.666468055556,0.226698254244,2.84,-0.0193423591554,0.945651,0.707675694444,0.231577932099,2.84,-0.0193423591554,0.937419,0.694575,0.236044077932,2.84,-0.0193423591554,0.9506245,0.698624305556,0.362584876543
2.85,-0.0502901338041,,,,2.85,-0.0193423591554,,,,2.85,-0.0193423591554,,,,2.85,-0.0193423591554,,,,2.85,-0.0502901338041,,,
2.86,-0.0502901338041,,,,2.86,-0.0193423591554,,,,2.86,-0.0502901338041,,,,2.86,0.0116054154932,,,,2.86,-0.0502901338041,,,
2.87,0.0116054154932,,,,2.87,-0.0502901338041,,,,2.87,-0.0502901338041,,,,2.87,-0.0193423591554,,,,2.87,-0.0502901338041,,,
2.88,-0.0193423591554,1.1060035,0.771035416667,0.274337143133,2.88,-0.0193423591554,0.943936,0.675519444444,0.232818528164,2.88,-0.0193423591554,0.9742915,0.716965277778,0.260773292824,2.88,-0.0502901338041,0.9657165,0.704698263889,0.219171971451,2.88,-0.0502901338041,0.9790935,0.715417013889,0.404268904321
2.89,-0.0193423591554,,,,2.89,-0.0193423591554,,,,2.89,-0.0502901338041,,,,2.89,-0.0193423591554,,,,2.89,-0.0502901338041,,,
2.9,-0.0193423591554,,,,2.9,-0.0193423591554,,,,2.9,-0.0193423591554,,,,2.9,-0.0193423591554,,,,2.9,-0.0193423591554,,,
2.91,-0.0193423591554,,,,2.91,-0.0193423591554,,,,2.91,-0.0502901338041,,,,2.91,-0.0502901338041,,,,2.91,-0.0502901338041,,,
2.92,-0.0193423591554,1.1368735,0.784017013889,0.316765528549,2.92,-0.0193423591554,0.9708615,0.684928125,0.241006462191,2.92,-0.0193423591554,1.002932,0.727922222222,0.309983603395,2.92,-0.0193423591554,0.994014,0.710295833333,0.248615451389,2.92,-0.0502901338041,1.0075625,0.736854513889,0.304111448688
2.93,-0.0193423591554,,,,2.93,-0.0193423591554,,,,2.93,-0.0193423591554,,,,2.93,-0.0502901338041,,,,2.93,-0.0193423591554,,,
2.94,-0.0193423591554,,,,2.94,-0.0193423591554,,,,2.94,-0.0193423591554,,,,2.94,-0.0193423591554,,,,2.94,-0.0193423591554,,,
2.95,0.0116054154932,,,,2.95,0.0116054154932,,,,2.95,-0.0193423591554,,,,2.95,-0.0502901338041,,,,2.95,-0.0193423591554,,,
2.96,-0.0502901338041,1.168601,0.798308680556,0.307833236883,2.96,-0.0502901338041,0.9986445,0.696004166667,0.225126832562,2.96,-0.0193423591554,1.03243,0.742332986111,0.345547357253,2.96,-0.0193423591554,1.0223115,0.722086458333,0.329171489198,2.96,-0.0502901338041,1.038604,0.745191319444,0.0895710358796
2.97,-0.0502901338041,,,,2.97,0.0116054154932,,,,2.97,0.0116054154932,,,,2.97,-0.0502901338041,,,,2.97,-0.0502901338041,,,
2.98,-0.0193423591554,,,,2.98,-0.0193423591554,,,,2.98,-0.0193423591554,,,,2.98,-0.0193423591554,,,,2.98,-0.0193423591554,,,
2.99,-0.0193423591554,,,,2.99,-0.0193423591554,,,,2.99,-0.0193423591554,,,,2.99,-0.0193423591554,,,,2.99,-0.0502901338041,,,
3,-0.0193423591554,1.2006715,0.813672222222,0.20155550733,3,-0.0193423591554,1.0267705,0.702554513889,0.218179494599,3,-0.0193423591554,1.0624425,0.7546,0.380862991898,3,-0.0502901338041,1.051638,0.737211805556,0.379043451003,3,-0.0502901338041,1.0679305,0.736854513889,0.033247974537
3.01,-0.0502901338041,,,,3.01,-0.0502901338041,,,,3.01,-0.0193423591554,,,,3.01,-0.0193423591554,,,,3.01,-0.0193423591554,,,
3.02,-0.0193423591554,,,,3.02,-0.0193423591554,,,,3.02,-0.0193423591554,,,,3.02,-0.0193423591554,,,,3.02,-0.0502901338041,,,
3.03,-0.0193423591554,,,,3.03,-0.0193423591554,,,,3.03,-0.0193423591554,,,,3.03,-0.0502901338041,,,,3.03,-0.0502901338041,,,
3.04,-0.0502901338041,1.2346285,0.8103375,0.180217255015,3.04,0.0116054154932,1.054725,0.711605902778,0.251013937114,3.04,0.0116054154932,1.0922835,0.776394791667,0.324539930556,3.04,-0.0193423591554,1.0809645,0.758172916667,0.291788194444,3.04,-0.0502901338041,1.096914,0.740903819444,0.140518180941
3.05,-0.0502901338041,,,,3.05,-0.0193423591554,,,,3.05,-0.0502901338041,,,,3.05,-0.0193423591554,,,,3.05,-0.0502901338041,,,
3.06,-0.0502901338041,,,,3.06,0.0116054154932,,,,3.06,-0.0502901338041,,,,3.06,-0.0193423591554,,,,3.06,-0.0502901338041,,,
3.07,-0.0502901338041,,,,3.07,-0.0193423591554,,,,3.07,-0.0193423591554,,,,3.07,-0.0193423591554,,,,3.07,-0.0502901338041,,,
3.08,-0.0193423591554,1.2648125,0.820460763889,0.31850236304,3.08,-0.0193423591554,1.083537,0.723753819444,0.272021363812,3.08,-0.0502901338041,1.12504,0.786875347222,0.132164834105,3.08,-0.0502901338041,1.1128635,0.765914236111,0.0865108989198,3.08,-0.0193423591554,1.1269265,0.751146180556,0.209660734954
3.09,-0.0193423591554,,,,3.09,-0.0193423591554,,,,3.09,-0.0502901338041,,,,3.09,0.0116054154932,,,,3.09,-0.0193423591554,,,
3.1,-0.0193423591554,,,,3.1,0.0116054154932,,,,3.1,-0.0502901338041,,,,3.1,-0.0502901338041,,,,3.1,-0.0193423591554,,,
3.11,-0.0193423591554,,,,3.11,-0.0193423591554,,,,3.11,-0.0193423591554,,,,3.11,-0.0502901338041,,,,3.11,-0.0193423591554,,,
3.12,-0.0193423591554,1.299627,0.843684722222,0.310479841821,3.12,0.0116054154932,1.1128635,0.732805208333,0.30510392554,3.12,-0.0193423591554,1.15591,0.781992361111,0.0478870081019,3.12,-0.0193423591554,1.142876,0.7588875,0.018029996142,3.12,-0.0502901338041,1.157282,0.759006597222,0.23811173804
3.13,-0.0502901338041,,,,3.13,0.0116054154932,,,,3.13,-0.0193423591554,,,,3.13,-0.0193423591554,,,,3.13,-0.0193423591554,,,
3.14,0.0116054154932,,,,3.14,-0.0193423591554,,,,3.14,-0.0193423591554,,,,3.14,-0.0193423591554,,,,3.14,-0.0193423591554,,,
3.15,-0.0502901338041,,,,3.15,-0.0193423591554,,,,3.15,-0.0193423591554,,,,3.15,-0.0193423591554,,,,3.15,-0.0193423591554,,,
3.16,-0.0193423591554,1.3334125,0.846304861111,0.281119068287,3.16,-0.0193423591554,1.1420185,0.745191319444,0.377720148534,3.16,-0.0193423591554,1.187123,0.785803472222,0.0846913580247,3.16,-0.0193423591554,1.17306,0.761745833333,0.0877514949846,3.16,-0.0193423591554,1.187466,0.769129861111,0.257382330247
3.17,-0.0502901338041,,,,3.17,-0.0193423591554,,,,3.17,-0.0502901338041,,,,3.17,-0.0193423591554,,,,3.17,-0.0502901338041,,,
3.18,-0.0193423591554,,,,3.18,-0.0193423591554,,,,3.18,-0.0193423591554,,,,3.18,-0.0193423591554,,,,3.18,-0.0193423591554,,,
3.19,-0.0502901338041,,,,3.19,0.0116054154932,,,,3.19,-0.0193423591554,,,,3.19,-0.0502901338041,,,,3.19,-0.0502901338041,,,
3.2,-0.0193423591554,1.366855,0.858929166667,0.376396846065,3.2,-0.0193423591554,1.1718595,0.769010763889,0.312630208333,3.2,-0.0502901338041,1.2188505,0.788661805556,0.146142216435,3.2,-0.0193423591554,1.2037585,0.766628819444,0.162435378086,3.2,-0.0193423591554,1.218336,0.787351736111,0.121495707948
3.21,-0.0193423591554,,,,3.21,-0.0193423591554,,,,3.21,-0.0502901338041,,,,3.21,-0.0502901338041,,,,3.21,-0.0193423591554,,,
3.22,-0.0193423591554,,,,3.22,-0.0193423591554,,,,3.22,0.0116054154932,,,,3.22,-0.0193423591554,,,,3.22,0.0116054154932,,,
3.23,-0.0193423591554,,,,3.23,-0.0193423591554,,,,3.23,-0.0193423591554,,,,3.23,-0.0193423591554,,,,3.23,-0.0502901338041,,,
3.24,-0.0193423591554,1.401498,0.882391319444,0.349186439043,3.24,-0.0193423591554,1.204273,0.776752083333,0.112398003472,3.24,-0.0193423591554,1.2500635,0.796403125,0.231577932099,3.24,-0.0193423591554,1.2342855,0.775322916667,0.224465181327,3.24,-0.0502901338041,1.2517785,0.778538541667,0.00810522762345
3.25,-0.0193423591554,,,,3.25,-0.0193423591554,,,,3.25,-0.0502901338041,,,,3.25,-0.0193423591554,,,,3.25,-0.0193423591554,,,
3.26,-0.0193423591554,,,,3.26,-0.0193423591554,,,,3.26,-0.0502901338041,,,,3.26,-0.0502901338041,,,,3.26,-0.0193423591554,,,
3.27,-0.0502901338041,,,,3.27,0.0116054154932,,,,3.27,-0.0193423591554,,,,3.27,-0.0502901338041,,,,3.27,-0.0193423591554,,,
3.28,-0.0502901338041,1.438199,0.892157291667,0.209164496528,3.28,-0.0193423591554,1.2346285,0.770678125,0.0706312692901,3.28,-0.0193423591554,1.2823055,0.809742013889,0.253495129244,3.28,-0.0193423591554,1.26567,0.786637152778,0.233811005015,3.28,-0.0502901338041,1.280419,0.774251041667,0.187991657022
3.29,-0.0193423591554,,,,3.29,-0.0193423591554,,,,3.29,-0.0502901338041,,,,3.29,-0.0193423591554,,,,3.29,-0.0193423591554,,,
3.3,0.0116054154932,,,,3.3,-0.0193423591554,,,,3.3,-0.0193423591554,,,,3.3,-0.0193423591554,,,,3.3,-0.0193423591554,,,
3.31,-0.0502901338041,,,,3.31,-0.0193423591554,,,,3.31,-0.0193423591554,,,,3.31,-0.0193423591554,,,,3.31,-0.0193423591554,,,
3.32,-0.0193423591554,1.473185,0.892276388889,0.219502797068,3.32,0.0116054154932,1.265327,0.776275694444,0.174014274691,3.32,-0.0193423591554,1.315062,0.818674305556,0.229427565586,3.32,-0.0193423591554,1.2973975,0.794378472222,0.231826051312,3.32,-0.0193423591554,1.3124895,0.795688541667,0.33553988233
3.33,-0.0193423591554,,,,3.33,-0.0502901338041,,,,3.33,-0.0193423591554,,,,3.33,-0.0193423591554,,,,3.33,-0.0502901338041,,,
3.34,-0.0193423591554,,,,3.34,-0.0193423591554,,,,3.34,-0.0193423591554,,,,3.34,-0.0193423591554,,,,3.34,-0.0193423591554,,,
3.35,-0.0193423591554,,,,3.35,0.0116054154932,,,,3.35,-0.0193423591554,,,,3.35,0.0116054154932,,,,3.35,-0.0502901338041,,,
3.36,-0.0502901338041,1.508857,0.909545486111,0.250021460262,3.36,-0.0193423591554,1.29654,0.786398958333,0.266893566744,3.36,-0.0502901338041,1.3478185,0.827130208333,0.229427565586,3.36,-0.0193423591554,1.329125,0.804144444444,0.252419945988,3.36,-0.0502901338041,1.34456,0.808908333333,0.324457224151
3.37,-0.0193423591554,,,,3.37,-0.0193423591554,,,,3.37,-0.0193423591554,,,,3.37,-0.0502901338041,,,,3.37,-0.0502901338041,,,
3.38,-0.0193423591554,,,,3.38,-0.0193423591554,,,,3.38,-0.0193423591554,,,,3.38,-0.0193423591554,,,,3.38,-0.0502901338041,,,
3.39,-0.0193423591554,,,,3.39,-0.0502901338041,,,,3.39,-0.0193423591554,,,,3.39,-0.0193423591554,,,,3.39,-0.0502901338041,,,
3.4,-0.0193423591554,1.54693,0.906687152778,0.369780333719,3.4,-0.0193423591554,1.3282675,0.799023263889,0.329998553241,3.4,0.0116054154932,1.381261,0.834990625,0.292697964892,3.4,-0.0193423591554,1.36171,0.814386805556,0.285337094907,3.4,-0.0193423591554,1.3773165,0.820818055556,0.315607638889
3.41,-0.0193423591554,,,,3.41,-0.0193423591554,,,,3.41,-0.0193423591554,,,,3.41,-0.0502901338041,,,,3.41,-0.0502901338041,,,
3.42,-0.0193423591554,,,,3.42,-0.0193423591554,,,,3.42,-0.0193423591554,,,,3.42,-0.0502901338041,,,,3.42,-0.0193423591554,,,
3.43,-0.0502901338041,,,,3.43,0.0116054154932,,,,3.43,-0.0502901338041,,,,3.43,0.0116054154932,,,,3.43,-0.0502901338041,,,
3.44,-0.0502901338041,1.579515,0.945631944444,0.222893759645,3.44,-0.0193423591554,1.3605095,0.811290277778,0.393434365355,3.44,-0.0193423591554,1.414532,0.84678125,0.470351321373,3.44,-0.0193423591554,1.394295,0.825701041667,0.343479697145,3.44,-0.0502901338041,1.4102445,0.831775,0.34893831983
3.45,-0.0502901338041,,,,3.45,0.0116054154932,,,,3.45,-0.0502901338041,,,,3.45,-0.0193423591554,,,,3.45,-0.0502901338041,,,
3.46,-0.0193423591554,,,,3.46,-0.0193423591554,,,,3.46,-0.0193423591554,,,,3.46,-0.0193423591554,,,,3.46,-0.0193423591554,,,
3.47,-0.0502901338041,,,,3.47,-0.0502901338041,,,,3.47,-0.0193423591554,,,,3.47,-0.0193423591554,,,,3.47,-0.0502901338041,,,
3.48,-0.0193423591554,1.6235905,0.952301388889,-0.71623746142,3.48,-0.0193423591554,1.39258,0.834514236111,0.352908227238,3.48,-0.0193423591554,1.4486605,0.868814236111,0.750726032022,3.48,-0.0193423591554,1.427566,0.841540972222,0.390208815586,3.48,-0.0502901338041,1.443687,0.847019444444,0.41593050733
3.49,-0.0193423591554,,,,3.49,-0.0502901338041,,,,3.49,-0.0502901338041,,,,3.49,0.0116054154932,,,,3.49,-0.0502901338041,,,
3.5,0.0116054154932,,,,3.5,-0.0193423591554,,,,3.5,-0.0193423591554,,,,3.5,-0.0502901338041,,,,3.5,-0.0502901338041,,,
3.51,-0.0193423591554,,,,3.51,-0.0193423591554,,,,3.51,-0.0502901338041,,,,3.51,-0.0193423591554,,,,3.51,-0.0193423591554,,,
3.52,-0.0502901338041,1.65669,0.919787847222,-2.50029730903,3.52,-0.0193423591554,1.4277375,0.847138541667,0.146721161265,3.52,-0.0193423591554,1.483475,0.903947916667,1.13282961998,3.52,-0.0502901338041,1.4613515,0.862025694444,0.316848234954,3.52,-0.0502901338041,1.477644,0.868933333333,0.405426793981
3.53,-0.0193423591554,,,,3.53,-0.0193423591554,,,,3.53,-0.0502901338041,,,,3.53,-0.0193423591554,,,,3.53,-0.0502901338041,,,
3.54,0.0116054154932,,,,3.54,0.0116054154932,,,,3.54,-0.0193423591554,,,,3.54,-0.0193423591554,,,,3.54,-0.0193423591554,,,
3.55,-0.0193423591554,,,,3.55,0.0116054154932,,,,3.55,-0.0193423591554,,,,3.55,-0.0193423591554,,,,3.55,-0.0193423591554,,,
3.56,-0.415860721841,1.7014515,0.771988194444,-4.83394121335,3.56,0.0116054154932,1.46118,0.841183680556,0.0442479263117,3.56,-0.0193423591554,1.520862,0.961114583333,1.2861672936,3.56,-0.0193423591554,1.4970235,0.870957986111,0.159044415509,3.56,-0.0193423591554,1.513659,0.882272222222,0.338930844907
3.57,-1.11605412327,,,,3.57,-0.0193423591554,,,,3.57,-0.0193423591554,,,,3.57,-0.0193423591554,,,,3.57,-0.0193423591554,,,
3.58,-1.72340420075,,,,3.58,-0.0502901338041,,,,3.58,-0.0502901338041,,,,3.58,0.0116054154932,,,,3.58,-0.0502901338041,,,
3.59,-2.27272720076,,,,3.59,-0.0193423591554,,,,3.59,-0.0193423591554,,,,3.59,-0.0193423591554,,,,3.59,-0.0193423591554,,,
3.6,-2.94197282754,1.7220315,0.514857291667,-6.74214337384,3.6,-0.0193423591554,1.494451,0.845471180556,0.0666613618827,3.6,-0.0502901338041,1.559621,1.01530381944,0.936898148148,3.6,-0.0502901338041,1.531495,0.869409722222,0.118270158179,3.6,-0.0193423591554,1.548645,0.889060763889,0.358532262732
3.61,-3.54932290502,,,,3.61,-0.0193423591554,,,,3.61,-0.0193423591554,,,,3.61,-0.0193423591554,,,,3.61,-0.0193423591554,,,
3.62,-4.24951630645,,,,3.62,-0.0193423591554,,,,3.62,-0.0193423591554,,,,3.62,-0.0193423591554,,,,3.62,-0.0193423591554,,,
3.63,-4.73694375716,,,,3.63,-0.0502901338041,,,,3.63,-0.0502901338041,,,,3.63,0.0116054154932,,,,3.63,-0.0502901338041,,,
3.64,-5.1025143452,1.743126,0.221401736111,-8.11647569444,3.64,0.0116054154932,1.5289225,0.847734027778,0.0872552565587,3.64,-0.0502901338041,1.5978655,1.12999444444,-1.39831717786,3.64,-0.0502901338041,1.5663095,0.874769097222,0.155570746528,3.64,-0.0502901338041,1.583631,0.915500347222,0.167894000772
3.65,-5.37717584521,,,,3.65,-0.0193423591554,,,,3.65,-0.0193423591554,,,,3.65,-0.0193423591554,,,,3.65,-0.0502901338041,,,
3.66,-6.80657618679,,,,3.66,-0.0193423591554,,,,3.66,0.0116054154932,,,,3.66,-0.0502901338041,,,,3.66,-0.0193423591554,,,
3.67,-10.5203091446,,,,3.67,0.0116054154932,,,,3.67,-0.0193423591554,,,,3.67,-0.0193423591554,,,,3.67,-0.0193423591554,,,
3.68,-6.41199206002,1.744498,-0.178169444444,-8.11771629051,3.68,-0.0502901338041,1.562365,0.850354166667,0.12728515625,3.68,-0.0502901338041,1.665608,0.913118402778,-3.92309558256,3.68,-0.0193423591554,1.6009525,0.888584375,-0.0706312692901,3.68,-0.0502901338041,1.6218755,0.933245833333,-0.799522810571
3.69,-5.43713715859,,,,3.69,0.0116054154932,,,,3.69,-0.0193423591554,,,,3.69,0.0116054154932,,,,3.69,-0.0193423591554,,,
3.7,-5.19342343323,,,,3.7,-0.0193423591554,,,,3.7,-0.0502901338041,,,,3.7,0.0116054154932,,,,3.7,-0.0193423591554,,,
3.71,-4.85880061984,,,,3.71,-0.0193423591554,,,,3.71,-0.0193423591554,,,,3.71,-0.0502901338041,,,,3.71,-0.0502901338041,,,
3.72,-4.46421649307,1.7264905,-0.507235069444,-6.09562741127,3.72,0.0116054154932,1.5964935,0.861906597222,-0.0215036651235,3.72,-0.0502901338041,1.6712675,0.670517361111,-3.51766878858,3.72,-0.0193423591554,1.637139,0.897873958333,-1.07295018326,3.72,-0.0193423591554,1.661492,0.871315277778,-2.35928288966
3.73,-3.9458412677,,,,3.73,0.0116054154932,,,,3.73,-0.0193423591554,,,,3.73,-0.0193423591554,,,,3.73,0.0116054154932,,,
3.74,-3.45841381699,,,,3.74,-0.0193423591554,,,,3.74,-0.0502901338041,,,,3.74,-0.0193423591554,,,,3.74,-0.0193423591554,,,
3.75,-2.88007727824,,,,3.75,0.0116054154932,,,,3.75,-0.628626672551,,,,3.75,-0.0502901338041,,,,3.75,-0.0193423591554,,,
3.76,-2.33268851414,1.698193,-0.693026736111,-3.29965470679,3.76,0.0116054154932,1.631308,0.866670486111,-0.716154755015,3.76,-1.26692452468,1.7055675,0.681831597222,-4.09578655478,3.76,-0.0193423591554,1.675555,0.832727777778,-2.90646846065,3.76,-0.628626672551,1.693391,0.745905902778,-4.10339554398
3.77,-1.84526106343,,,,3.77,0.0116054154932,,,,3.77,-1.84526106343,,,,3.77,-0.0193423591554,,,,3.77,-1.26692452468,,,
3.78,-1.32882007398,,,,3.78,-0.0193423591554,,,,3.78,-2.36363628879,,,,3.78,-0.597678897902,,,,3.78,-1.78529975004,,,
3.79,-0.75048353523,,,,3.79,-0.0193423591554,,,,3.79,-3.00193414092,,,,3.79,-1.26692452468,,,,3.79,-2.36363628879,,,
3.8,-0.0502901338041,1.6661225,-0.736139930556,-1.25862606096,3.8,-0.0193423591554,1.66698,0.833323263889,-2.22678722994,3.8,-3.6711797677,1.737295,0.447567361111,-6.74263961227,3.8,-1.78529975004,1.7069395,0.671351041667,-4.99447434414,3.8,-2.94197282754,1.722546,0.558089583333,-6.10679277585
3.81,0.284332679585,,,,3.81,-0.0193423591554,,,,3.81,-4.31141185574,,,,3.81,-2.33268851414,,,,3.81,-3.58027067967,,,
3.82,-0.0502901338041,,,,3.82,0.0406189542264,,,,3.82,-4.82785284519,,,,3.82,-2.94197282754,,,,3.82,-4.24951630645,,,
3.83,-0.294003859162,,,,3.83,-0.688587985933,,,,3.83,-5.1644098945,,,,3.83,-3.54932290502,,,,3.83,-4.73694375716,,,
3.84,0.102514503524,1.6393685,-0.756505555556,-0.265983796296,3.84,-1.35783361271,1.700937,0.710891319444,-4.37417631173,3.84,-5.43713715859,1.747242,0.0787232638889,-8.06279923804,3.84,-4.22050276771,1.731121,0.437325,-7.06130738812,3.84,-5.1025143452,1.7429545,0.249985069444,-7.7481013696
3.85,0.0406189542264,,,,3.85,-1.90715661272,,,,3.85,-9.09090880305,,,,3.85,-4.73694375716,,,,3.85,-5.34622807056,,,
3.86,-0.141199221835,,,,3.86,-2.48549315147,,,,3.86,-10.4603478312,,,,3.86,-5.1025143452,,,,3.86,-5.71179865859,,,
3.87,0.0116054154932,,,,3.87,-3.1237910036,,,,3.87,-6.01547369733,,,,3.87,-5.34622807056,,,,3.87,-7.81237886287,,,
3.88,0.0116054154932,1.603868,-0.734948958333,0.024481095679,3.88,-3.79303663038,1.7268335,0.492109722222,-6.66712866512,3.88,-5.40618938394,1.7405535,-0.258202777778,-7.74768783758,3.88,-5.71179865859,1.7467275,0.0819388888889,-8.27039231289,3.88,-6.25918742269,1.7450125,-0.124575694444,-7.767206549
3.89,-0.0812379084527,,,,3.89,-4.34235963039,,,,3.89,-5.1025143452,,,,3.89,-8.20696298964,,,,3.89,-5.49903270788,,,
3.9,0.0116054154932,,,,3.9,-4.79883930646,,,,3.9,-4.79883930646,,,,3.9,-6.41199206002,,,,3.9,-5.28433252126,,,
3.91,0.0116054154932,,,,3.91,-5.1644098945,,,,3.91,-4.37137316912,,,,3.91,-5.49903270788,,,,3.91,-5.01160525717,,,
3.92,-0.0502901338041,1.5817445,-0.736139930556,-0.162848910108,3.92,-5.40618938394,1.7446695,0.155183680556,-8.18578366127,3.92,-3.82398440503,1.7271765,-0.582147222222,-6.03252242477,3.92,-5.28433252126,1.7388385,-0.297028472222,-7.54447820216,3.92,-4.64603466913,1.7288915,-0.409575347222,-6.55679832176
3.93,0.0116054154932,,,,3.93,-5.58994179592,,,,3.93,-3.24564786628,,,,3.93,-4.98065748252,,,,3.93,-4.22050276771,,,
3.94,-0.0193423591554,,,,3.94,-6.77756264806,,,,3.94,-2.69825910218,,,,3.94,-4.64603466913,,,,3.94,-3.6711797677,,,
3.95,-0.0502901338041,,,,3.95,-5.74274643324,,,,3.95,-2.15087033808,,,,3.95,-4.18955499306,,,,3.95,-3.1237910036,,,
3.96,-0.0193423591554,1.5467585,-0.771630902778,0.112976948303,3.96,-5.43713715859,1.741411,-0.231525,-7.80955222801,3.96,-1.66344288737,1.6904755,-0.796045833333,-2.98313729745,3.96,-3.64216622896,1.7189445,-0.576430555556,-5.31074363426,3.96,-2.5764022395,1.7127705,-0.675519444444,-4.49070963542
3.97,-0.0193423591554,,,,3.97,-5.22437120788,,,,3.97,-1.145067662,,,,3.97,-3.1237910036,,,,3.97,-2.0290134754,,,
3.98,-0.0502901338041,,,,3.98,-4.98065748252,,,,3.98,-0.506769809872,,,,3.98,-2.5764022395,,,,3.98,-1.54158602469,,,
3.99,-0.0502901338041,,,,3.99,-4.61508689448,,,,3.99,0.193423591554,,,,3.99,-2.05802701414,,,,3.99,-1.05415857397,,,
4,-0.0193423591554,1.5165745,-0.734591666667,0.528990162037,4,-4.18955499306,1.7230605,-0.53808125,-5.57912591628,4,0.102514503524,1.6548035,-0.796164930556,-0.524854841821,4,-1.54158602469,1.6880745,-0.724111111111,-2.85717544367,4,-0.415860721841,1.6698955,-0.802000694444,-1.72881196952
4.01,-0.0193423591554,,,,4.01,-3.61121845432,,,,4.01,-0.203094771132,,,,4.01,-0.994197260588,,,,4.01,0.284332679585,,,
4.02,-0.0193423591554,,,,4.02,-3.09284322895,,,,4.02,-0.0812379084527,,,,4.02,-0.415860721841,,,,4.02,0.102514503524,,,
4.03,-0.0193423591554,,,,4.03,-2.5145066902,,,,4.03,0.071566728875,,,,4.03,0.284332679585,,,,4.03,-0.203094771132,,,
4.04,-0.0193423591554,1.4884485,-0.706246527778,0.464148341049,4.04,-2.0290134754,1.6928765,-0.694575,-2.78819830247,4.04,-0.0193423591554,1.6270205,-0.774012847222,0.341990981867,4.04,0.071566728875,1.658405,-0.783064236111,-0.97750699267,4.04,-0.0502901338041,1.6421125,-0.769248958333,-0.0676538387346
4.05,-0.0193423591554,,,,4.05,-1.54158602469,,,,4.05,-0.110251447186,,,,4.05,-0.203094771132,,,,4.05,0.102514503524,,,
4.06,-0.0502901338041,,,,4.06,-1.02321079932,,,,4.06,0.0406189542264,,,,4.06,-0.0502901338041,,,,4.06,-0.0812379084527,,,
4.07,-0.0502901338041,,,,4.07,-0.384912947193,,,,4.07,-0.0193423591554,,,,4.07,0.102514503524,,,,4.07,-0.110251447186,,,
4.08,-0.0502901338041,1.4610085,-0.693860416667,0.287652874228,4.08,0.284332679585,1.663893,-0.735425347222,-0.698703703704,4.08,-0.0812379084527,1.592892,-0.743404861111,0.37763744213,4.08,-0.0502901338041,1.6229045,-0.771392708333,0.024729214892,4.08,0.0406189542264,1.6098705,-0.750788888889,0.205525414738
4.09,-0.0193423591554,,,,4.09,0.071566728875,,,,4.09,0.0406189542264,,,,4.09,-0.0812379084527,,,,4.09,-0.0193423591554,,,
4.1,-0.0193423591554,,,,4.1,-0.232108309865,,,,4.1,0.0116054154932,,,,4.1,0.0406189542264,,,,4.1,-0.0812379084527,,,
4.11,-0.0193423591554,,,,4.11,0.0116054154932,,,,4.11,-0.0812379084527,,,,4.11,-0.0502901338041,,,,4.11,0.0116054154932,,,
4.12,-0.0502901338041,1.433054,-0.688501041667,0.201720920139,4.12,0.071566728875,1.6311365,-0.702554513889,0.0679846643518,4.12,0.0116054154932,1.5680245,-0.728517708333,-0.0430900366512,4.12,-0.0502901338041,1.596665,-0.749597916667,0.178149594907,4.12,-0.0193423591554,1.5831165,-0.746858680556,0.138864052855
4.13,-0.0193423591554,,,,4.13,-0.0502901338041,,,,4.13,0.0116054154932,,,,4.13,0.0406189542264,,,,4.13,-0.0193423591554,,,
4.14,-0.0193423591554,,,,4.14,-0.0812379084527,,,,4.14,-0.0502901338041,,,,4.14,0.0116054154932,,,,4.14,0.0116054154932,,,
4.15,-0.0502901338041,,,,4.15,0.0406189542264,,,,4.15,-0.0193423591554,,,,4.15,-0.0812379084527,,,,4.15,-0.0193423591554,,,
4.16,-0.0502901338041,1.405957,-0.683737152778,0.277810812114,4.16,-0.0502901338041,1.6078125,-0.670636458333,-0.577869646991,4.16,-0.0193423591554,1.5371545,-0.767105208333,-0.0424283854167,4.16,0.0116054154932,1.5645945,-0.759602083333,0.259284577546,4.16,-0.0502901338041,1.55036,-0.753885416667,0.2813671875
4.17,-0.0193423591554,,,,4.17,-0.0193423591554,,,,4.17,-0.0502901338041,,,,4.17,0.0116054154932,,,,4.17,0.0116054154932,,,
4.18,-0.0193423591554,,,,4.18,0.0116054154932,,,,4.18,-0.0193423591554,,,,4.18,-0.0502901338041,,,,4.18,-0.0193423591554,,,
4.19,-0.0193423591554,,,,4.19,-0.0193423591554,,,,4.19,-0.0193423591554,,,,4.19,-0.0193423591554,,,,4.19,-0.0502901338041,,,
4.2,-0.0193423591554,1.3780025,-0.669683680556,0.442561969522,4.2,-0.0502901338041,1.5838025,-0.768177083333,-0.87147738233,4.2,-0.0193423591554,1.5038835,-0.748883333333,0.338351900077,4.2,0.0116054154932,1.534239,-0.735544444444,0.430238715278,4.2,-0.0193423591554,1.521205,-0.725421180556,0.45612581983
4.21,-0.0193423591554,,,,4.21,0.0116054154932,,,,4.21,-0.0193423591554,,,,4.21,-0.0502901338041,,,,4.21,-0.0502901338041,,,
4.22,-0.0502901338041,,,,4.22,-0.0193423591554,,,,4.22,0.0116054154932,,,,4.22,-0.0502901338041,,,,4.22,-0.0502901338041,,,
4.23,0.0116054154932,,,,4.23,-0.0502901338041,,,,4.23,0.0116054154932,,,,4.23,-0.0193423591554,,,,4.23,0.0116054154932,,,
4.24,-0.0193423591554,1.3519345,-0.644911458333,0.531140528549,4.24,0.0116054154932,1.5433285,-0.802477083333,0.143661024306,4.24,-0.0502901338041,1.4767865,-0.7203,0.354975887346,4.24,-0.0502901338041,1.5059415,-0.716250694444,0.420065827546,4.24,0.0116054154932,1.492736,-0.705651041667,0.38491560571
4.25,-0.0502901338041,,,,4.25,0.0116054154932,,,,4.25,-0.0193423591554,,,,4.25,-0.0193423591554,,,,4.25,-0.0193423591554,,,
4.26,-0.0502901338041,,,,4.26,-0.0502901338041,,,,4.26,-0.0193423591554,,,,4.26,-0.0193423591554,,,,4.26,-0.0193423591554,,,
4.27,-0.0502901338041,,,,4.27,-0.0193423591554,,,,4.27,-0.0193423591554,,,,4.27,-0.0193423591554,,,,4.27,-0.0193423591554,,,
4.28,0.0116054154932,1.3265525,-0.622402083333,0.505088011188,4.28,-0.0193423591554,1.5148595,-0.734948958333,0.76065080054,4.28,-0.0193423591554,1.4479745,-0.721133680556,0.373502121914,4.28,-0.0502901338041,1.477301,-0.701601736111,0.395502025463,4.28,-0.0502901338041,1.4651245,-0.69243125,0.261600356867
4.29,-0.0193423591554,,,,4.29,-0.0502901338041,,,,4.29,0.0116054154932,,,,4.29,-0.0193423591554,,,,4.29,-0.0193423591554,,,
4.3,-0.0193423591554,,,,4.3,-0.0193423591554,,,,4.3,-0.0502901338041,,,,4.3,-0.0193423591554,,,,4.3,-0.0193423591554,,,
4.31,-0.0502901338041,,,,4.31,-0.0193423591554,,,,4.31,-0.0502901338041,,,,4.31,-0.0502901338041,,,,4.31,-0.0193423591554,,,
4.32,-0.0193423591554,1.302371,-0.604299305556,0.452900270062,4.32,-0.0502901338041,1.486905,-0.706603819444,0.619719087577,4.32,-0.0502901338041,1.417962,-0.699577083333,0.53841869213,4.32,-0.0193423591554,1.4496895,-0.686,0.37879533179,4.32,-0.0193423591554,1.437856,-0.691359375,0.274337143133
4.33,-0.0502901338041,,,,4.33,-0.0502901338041,,,,4.33,-0.0193423591554,,,,4.33,-0.0502901338041,,,,4.33,-0.0502901338041,,,
4.34,-0.0193423591554,,,,4.34,-0.0193423591554,,,,4.34,-0.0193423591554,,,,4.34,-0.0502901338041,,,,4.34,-0.0193423591554,,,
4.35,-0.0193423591554,,,,4.35,-0.0502901338041,,,,4.35,-0.0193423591554,,,,4.35,-0.0193423591554,,,,4.35,-0.0502901338041,,,
4.36,-0.0502901338041,1.2781895,-0.587506597222,0.416261332948,4.36,-0.0193423591554,1.458779,-0.686833680556,0.40137418017,4.36,-0.0193423591554,1.391551,-0.669683680556,0.532215711806,4.36,-0.0502901338041,1.422421,-0.67099375,0.356051070602,4.36,-0.0502901338041,1.4092155,-0.677067708333,0.436441695602
4.37,-0.0193423591554,,,,4.37,0.0116054154932,,,,4.37,-0.0193423591554,,,,4.37,-0.0193423591554,,,,4.37,-0.0502901338041,,,
4.38,-0.0502901338041,,,,4.38,-0.0193423591554,,,,4.38,-0.0502901338041,,,,4.38,-0.0193423591554,,,,4.38,-0.0193423591554,,,
4.39,-0.0193423591554,,,,4.39,-0.0502901338041,,,,4.39,-0.0193423591554,,,,4.39,-0.0502901338041,,,,4.39,-0.0193423591554,,,
4.4,-0.0193423591554,1.2552085,-0.568451041667,0.333637635031,4.4,-0.0193423591554,1.432368,-0.682188888889,0.326276765046,4.4,-0.0193423591554,1.36514,-0.653367361111,0.445125868056,4.4,-0.0193423591554,1.39601,-0.6559875,0.294021267361,4.4,-0.0193423591554,1.3831475,-0.650866319444,0.484742235725
4.41,-0.0502901338041,,,,4.41,-0.0502901338041,,,,4.41,-0.0193423591554,,,,4.41,-0.0502901338041,,,,4.41,-0.0193423591554,,,
4.42,-0.0502901338041,,,,4.42,-0.0193423591554,,,,4.42,-0.0502901338041,,,,4.42,-0.0502901338041,,,,4.42,-0.0193423591554,,,
4.43,-0.0193423591554,,,,4.43,-0.0193423591554,,,,4.43,0.0116054154932,,,,4.43,-0.0193423591554,,,,4.43,-0.0193423591554,,,
4.44,-0.0193423591554,1.2332565,-0.560947916667,0.262013888889,4.44,-0.0193423591554,1.403899,-0.669683680556,0.474734760802,4.44,-0.0193423591554,1.3392435,-0.637408333333,0.406750096451,4.44,-0.0193423591554,1.3701135,-0.646340625,0.207593074846,4.44,-0.0502901338041,1.357594,-0.633001736111,0.414276379244
4.45,-0.0502901338041,,,,4.45,-0.0502901338041,,,,4.45,-0.0193423591554,,,,4.45,-0.0502901338041,,,,4.45,-0.0193423591554,,,
4.46,0.0116054154932,,,,4.46,-0.0193423591554,,,,4.46,0.0116054154932,,,,4.46,-0.0193423591554,,,,4.46,-0.0193423591554,,,
4.47,-0.0502901338041,,,,4.47,-0.0502901338041,,,,4.47,-0.0193423591554,,,,4.47,-0.0502901338041,,,,4.47,-0.0502901338041,,,
4.48,-0.0502901338041,1.2102755,-0.552492013889,0.298487413194,4.48,-0.0193423591554,1.3780025,-0.640028472222,0.539824701003,4.48,-0.0502901338041,1.314033,-0.620972916667,0.377554735725,4.48,-0.0502901338041,1.3443885,-0.639432986111,0.142999373071,4.48,-0.0502901338041,1.3327265,-0.619901041667,0.371682581019
4.49,-0.0193423591554,,,,4.49,-0.0502901338041,,,,4.49,-0.0193423591554,,,,4.49,-0.0193423591554,,,,4.49,-0.0193423591554,,,
4.5,-0.0193423591554,,,,4.5,-0.0502901338041,,,,4.5,-0.0193423591554,,,,4.5,-0.0193423591554,,,,4.5,-0.0193423591554,,,
4.51,-0.0502901338041,,,,4.51,-0.0193423591554,,,,4.51,-0.0193423591554,,,,4.51,-0.0502901338041,,,,4.51,-0.0502901338041,,,
4.52,-0.0502901338041,1.1886665,-0.536413888889,0.329998553241,4.52,-0.0193423591554,1.353135,-0.619186458333,0.443885271991,4.52,-0.0193423591554,1.28968,-0.606443055556,0.343975935571,4.52,-0.0502901338041,1.3193495,-0.639790277778,0.201803626543,4.52,-0.0502901338041,1.307859,-0.605371180556,0.371847993827
4.53,-0.0193423591554,,,,4.53,-0.0502901338041,,,,4.53,-0.0193423591554,,,,4.53,-0.0193423591554,,,,4.53,-0.0502901338041,,,
4.54,-0.0502901338041,,,,4.54,0.0116054154932,,,,4.54,-0.0502901338041,,,,4.54,-0.0502901338041,,,,4.54,-0.0193423591554,,,
4.55,-0.0502901338041,,,,4.55,-0.0193423591554,,,,4.55,-0.0502901338041,,,,4.55,-0.0193423591554,,,,4.55,0.0116054154932,,,
4.56,-0.0502901338041,1.167572,-0.523908680556,0.322885802469,4.56,-0.0193423591554,1.328782,-0.605371180556,0.352494695216,4.56,-0.0193423591554,1.26567,-0.595128819444,0.343727816358,4.56,-0.0193423591554,1.292767,-0.629667013889,0.401126060957,4.56,-0.0502901338041,1.284192,-0.588578472222,0.347366898148
4.57,-0.0502901338041,,,,4.57,-0.0502901338041,,,,4.57,-0.0502901338041,,,,4.57,-0.0193423591554,,,,4.57,-0.0502901338041,,,
4.58,-0.0193423591554,,,,4.58,-0.0502901338041,,,,4.58,-0.0193423591554,,,,4.58,-0.0502901338041,,,,4.58,-0.0193423591554,,,
4.59,-0.0502901338041,,,,4.59,-0.0193423591554,,,,4.59,-0.0502901338041,,,,4.59,-0.0193423591554,,,,4.59,-0.0193423591554,,,
4.6,-0.0193423591554,1.1468205,-0.512118055556,0.340171440972,4.6,-0.0193423591554,1.304772,-0.594414236111,0.33553988233,4.6,-0.0193423591554,1.2418315,-0.579407986111,0.35390070409,4.6,-0.0502901338041,1.2682425,-0.602989236111,0.497396315586,4.6,-0.0502901338041,1.2610395,-0.577383333333,0.318585069444
4.61,-0.0502901338041,,,,4.61,0.0116054154932,,,,4.61,-0.0193423591554,,,,4.61,-0.0502901338041,,,,4.61,-0.0193423591554,,,
4.62,-0.0193423591554,,,,4.62,-0.0502901338041,,,,4.62,-0.0502901338041,,,,4.62,0.0116054154932,,,,4.62,-0.0193423591554,,,
4.63,-0.0502901338041,,,,4.63,-0.0502901338041,,,,4.63,-0.0193423591554,,,,4.63,-0.0193423591554,,,,4.63,-0.0193423591554,,,
4.64,-0.0193423591554,1.126412,-0.496992708333,0.358284143519,4.64,-0.0193423591554,1.281105,-0.580718055556,0.374660011574,4.64,-0.0193423591554,1.219365,-0.564639930556,0.321893325617,4.64,-0.0193423591554,1.2449185,-0.583338194444,0.43908830054,4.64,-0.0502901338041,1.237887,-0.564163541667,0.310810667438
4.65,-0.0502901338041,,,,4.65,-0.0193423591554,,,,4.65,-0.0502901338041,,,,4.65,-0.0502901338041,,,,4.65,-0.0193423591554,,,
4.66,-0.0502901338041,,,,4.66,-0.0502901338041,,,,4.66,-0.0193423591554,,,,4.66,-0.0193423591554,,,,4.66,-0.0502901338041,,,
4.67,-0.0193423591554,,,,4.67,-0.0193423591554,,,,4.67,-0.0502901338041,,,,4.67,0.0116054154932,,,,4.67,-0.0502901338041,,,
4.68,-0.0502901338041,1.1070325,-0.481152777778,0.328675250772,4.68,-0.0502901338041,1.258124,-0.562972569444,0.385163724923,4.68,-0.0193423591554,1.1968985,-0.554754861111,0.312299382716,4.68,0.0116054154932,1.221766,-0.568212847222,0.366885609568,4.68,-0.0502901338041,1.215935,-0.551896527778,0.291540075231
4.69,-0.0502901338041,,,,4.69,-0.0193423591554,,,,4.69,-0.0193423591554,,,,4.69,-0.0502901338041,,,,4.69,-0.0193423591554,,,
4.7,-0.0502901338041,,,,4.7,-0.0193423591554,,,,4.7,-0.0193423591554,,,,4.7,-0.0502901338041,,,,4.7,-0.0193423591554,,,
4.71,-0.0502901338041,,,,4.71,-0.0502901338041,,,,4.71,0.0116054154932,,,,4.71,-0.0193423591554,,,,4.71,-0.0502901338041,,,
4.72,-0.0502901338041,1.0881675,-0.470672222222,0.297081404321,4.72,-0.0502901338041,1.236172,-0.547370833333,0.34108121142,4.72,-0.0193423591554,1.174775,-0.540820486111,0.328427131559,4.72,-0.0502901338041,1.199471,-0.554873958333,0.311389612269,4.72,-0.0193423591554,1.1938115,-0.541296875,0.284096498843
4.73,-0.0502901338041,,,,4.73,-0.0502901338041,,,,4.73,-0.0193423591554,,,,4.73,-0.0193423591554,,,,4.73,-0.0502901338041,,,
4.74,-0.0193423591554,,,,4.74,-0.0502901338041,,,,4.74,-0.0193423591554,,,,4.74,-0.0193423591554,,,,4.74,-0.0193423591554,,,
4.75,-0.0193423591554,,,,4.75,-0.0193423591554,,,,4.75,-0.0193423591554,,,,4.75,-0.0502901338041,,,,4.75,-0.0502901338041,,,
4.76,-0.0193423591554,1.0693025,-0.458881597222,0.298735532407,4.76,-0.0502901338041,1.214563,-0.536652083333,0.313209153164,4.76,-0.0193423591554,1.1536805,-0.527719791667,0.332314332562,4.76,-0.0193423591554,1.177519,-0.544869791667,0.299479890046,4.76,-0.0502901338041,1.1725455,-0.529029861111,0.275577739198
4.77,-0.0193423591554,,,,4.77,-0.0193423591554,,,,4.77,-0.0502901338041,,,,4.77,-0.0502901338041,,,,4.77,-0.0502901338041,,,
4.78,-0.0502901338041,,,,4.78,-0.0502901338041,,,,4.78,-0.0193423591554,,,,4.78,-0.0502901338041,,,,4.78,-0.0502901338041,,,
4.79,-0.0502901338041,,,,4.79,-0.0193423591554,,,,4.79,-0.0193423591554,,,,4.79,-0.0193423591554,,,,4.79,-0.0193423591554,,,
4.8,-0.0502901338041,1.0514665,-0.447210069444,0.311406153549,4.8,-0.0502901338041,1.1931255,-0.524146875,0.324357976466,4.8,-0.0193423591554,1.132586,-0.514857291667,0.346688705633,4.8,-0.0193423591554,1.1557385,-0.531888194444,0.314648244599,4.8,-0.0193423591554,1.1516225,-0.519621180556,0.277910059799
4.81,-0.0193423591554,,,,4.81,-0.0193423591554,,,,4.81,-0.0193423591554,,,,4.81,-0.0193423591554,,,,4.81,-0.0502901338041,,,
4.82,-0.0502901338041,,,,4.82,-0.0193423591554,,,,4.82,-0.0502901338041,,,,4.82,-0.0502901338041,,,,4.82,0.0116054154932,,,
4.83,-0.0193423591554,,,,4.83,-0.0502901338041,,,,4.83,-0.0502901338041,,,,4.83,0.0116054154932,,,,4.83,-0.0502901338041,,,
4.84,-0.0193423591554,1.033459,-0.434109375,0.325871503666,4.84,-0.0502901338041,1.1725455,-0.509855208333,0.322050467786,4.84,-0.0193423591554,1.112349,-0.499136458333,0.336524088542,4.84,-0.0502901338041,1.134987,-0.519025694444,0.314797116127,4.84,-0.0193423591554,1.130871,-0.507711458333,0.299860339507
4.85,-0.0502901338041,,,,4.85,0.0116054154932,,,,4.85,-0.0193423591554,,,,4.85,0.0116054154932,,,,4.85,-0.0193423591554,,,
4.86,-0.0502901338041,,,,4.86,-0.0193423591554,,,,4.86,-0.0193423591554,,,,4.86,0.0116054154932,,,,4.86,-0.0502901338041,,,
4.87,-0.0502901338041,,,,4.87,-0.0193423591554,,,,4.87,0.0116054154932,,,,4.87,-0.0502901338041,,,,4.87,-0.0502901338041,,,
4.88,-0.0193423591554,1.016652,-0.419103125,0.294790436923,4.88,0.0116054154932,1.15248,-0.498064583333,0.309710672262,4.88,-0.0193423591554,1.092798,-0.48663125,0.29168067612,4.88,-0.0502901338041,1.1142355,-0.506520486111,0.30143176119,4.88,-0.0193423591554,1.110977,-0.494968055556,0.304425733026
4.89,-0.0193423591554,,,,4.89,-0.0193423591554,,,,4.89,-0.0193423591554,,,,4.89,-0.0502901338041,,,,4.89,-0.0193423591554,,,
4.9,-0.0502901338041,,,,4.9,-0.0502901338041,,,,4.9,-0.0193423591554,,,,4.9,-0.0193423591554,,,,4.9,-0.0502901338041,,,
4.91,-0.0193423591554,,,,4.91,-0.0502901338041,,,,4.91,-0.0193423591554,,,,4.91,-0.0193423591554,,,,4.91,-0.0193423591554,,,
4.92,-0.0502901338041,1.000188,-0.410385208333,0.260004123267,4.92,0.0116054154932,1.132586,-0.484987708333,0.291763382526,4.92,-0.0193423591554,1.0734185,-0.475340833333,0.235092954286,4.92,-0.0502901338041,1.0943415,-0.492776666667,0.239435040513,4.92,-0.0193423591554,1.0912545,-0.482558125,0.289902488429
4.93,-0.0193423591554,,,,4.93,-0.0502901338041,,,,4.93,-0.0502901338041,,,,4.93,0.0116054154932,,,,4.93,-0.0502901338041,,,
4.94,-0.0193423591554,,,,4.94,-0.0193423591554,,,,4.94,-0.0502901338041,,,,4.94,-0.0502901338041,,,,4.94,-0.0502901338041,,,
4.95,-0.0502901338041,,,,4.95,-0.0193423591554,,,,4.95,-0.0502901338041,,,,4.95,-0.0193423591554,,,,4.95,-0.0193423591554,,,
4.96,-0.0193423591554,0.983724,-0.399868923611,0.254959032604,4.96,-0.0193423591554,1.113721,-0.473351909722,0.244753062312,4.96,-0.0193423591554,1.0548965,-0.467397048611,0.167918812697,4.96,-0.0193423591554,1.0751335,-0.486154861111,0.151385802474,4.96,-0.0193423591554,1.0723895,-0.470791319444,0.252312427667
4.97,-0.0193423591554,,,,4.97,-0.0502901338041,,,,4.97,-0.0193423591554,,,,4.97,-0.0502901338041,,,,4.97,-0.0193423591554,,,
4.98,-0.0502901338041,,,,4.98,-0.0193423591554,,,,4.98,-0.0193423591554,,,,4.98,-0.0502901338041,,,,4.98,-0.0193423591554,,,
4.99,-0.0193423591554,,,,4.99,-0.0193423591554,,,,4.99,-0.0193423591554,,,,4.99,-0.0502901338041,,,,4.99,-0.0193423591554,,,
5,-0.0502901338041,0.9684605,-0.389924305555,0.25008762539,5,-0.0502901338041,1.095199,-0.466861111111,0.200000626934,5,-0.0193423591554,1.0363745,-0.464240972222,0.116797984187,5,-0.0193423591554,1.055754,-0.484249305555,0.0902823109623,5,-0.0193423591554,1.054039,-0.463526388888,0.213779513894
