Run 1,Run 1,Run 1,Run 1,Run 1,Run 2,Run 2,Run 2,Run 2,Run 2,Run 3,Run 3,Run 3,Run 3,Run 3,Run 4,Run 4,Run 4,Run 4,Run 4,Latest,Latest,Latest,Latest,Latest
Time (s) [aligned],Force (N),Position (m),Velocity (m/s),Acceleration (m/s²),Time (s) [aligned],Force (N),Position (m),Velocity (m/s),Acceleration (m/s²),Time (s) [aligned],Force (N),Position (m),Velocity (m/s),Acceleration (m/s²),Time (s) [aligned],Force (N),Position (m),Velocity (m/s),Acceleration (m/s²),Time (s) [aligned],Force (N),Position (m),Velocity (m/s),Acceleration (m/s²)
0.87,1.0580308716700002,,,,0.8600000000000001,1.210835509,,,,0.8600000000000003,1.0580308716700002,,,,0.8600000000000001,1.0889786463200002,,,,0.8600000000000001,1.0889786463200002,,,
0.88,1.0889786463200002,0.276458,0.320490625,0.26011164159,0.8700000000000001,1.210835509,0.278173,0.318823263889,0.239848572531,0.8700000000000003,1.02708309703,,,,0.8700000000000001,1.0580308716700002,0.27474299999999996,0.316679513889,0.362005931713,0.8700000000000001,1.0889786463200002,,,
0.89,1.0889786463200002,,,,0.8800000000000001,1.23984904774,,,,0.8800000000000003,1.02708309703,0.276801,0.320371527778,0.304773099923,0.8799999999999999,1.0580308716700002,,,,0.8800000000000001,1.0889786463200002,,,
0.9,1.0889786463200002,,,,0.8900000000000001,1.23984904774,,,,0.8900000000000001,1.02708309703,,,,0.8899999999999999,1.0580308716700002,,,,0.8900000000000001,1.0889786463200002,0.276801,0.329661111111,0.162749662423
0.91,1.0889786463200002,,,,0.9000000000000001,1.27079682238,,,,0.9000000000000001,1.02708309703,,,,0.8999999999999999,1.0580308716700002,,,,0.9000000000000001,1.0889786463200002,,,
0.92,1.0889786463200002,0.2893205,0.330732986111,0.25399136766999997,0.9100000000000001,1.17988773435,0.291207,0.324778125,0.23554783950599997,0.9100000000000001,1.02708309703,,,,0.9099999999999999,1.0580308716700002,0.28812,0.334186805556,0.31850236304,0.9100000000000001,1.1179921850599999,,,
0.93,1.0889786463200002,,,,0.9200000000000002,1.17988773435,,,,0.9200000000000002,1.02708309703,0.2900065,0.332400347222,0.22760802469099997,0.9199999999999999,1.0889786463200002,,,,0.9200000000000002,1.1179921850599999,,,
0.94,1.1179921850599999,,,,0.9300000000000002,1.1489399597,,,,0.9300000000000002,1.0580308716700002,,,,0.9299999999999999,1.0580308716700002,,,,0.93,1.1179921850599999,0.289835,0.335080034722,0.21054569348000002
0.95,1.1179921850599999,,,,0.9400000000000002,1.1489399597,,,,0.9400000000000002,1.0580308716700002,,,,0.94,1.0889786463200002,,,,0.9400000000000001,1.0889786463200002,,,
0.96,1.0889786463200002,0.30304050000000005,0.339665277778,0.28004388503100003,0.9500000000000002,1.1489399597,0.303898,0.335735069444,0.280622829861,0.9500000000000002,1.0889786463200002,,,,0.95,1.0889786463200002,0.3020115,0.34157083333300003,0.29112654321,0.9500000000000001,1.0889786463200002,,,
0.97,1.0889786463200002,,,,0.9600000000000002,1.1489399597,,,,0.9600000000000002,1.1179921850599999,0.3037265,0.33704513888899995,0.19311945409000003,0.96,1.0580308716700002,,,,0.9600000000000001,1.0889786463200002,,,
0.98,1.0889786463200002,,,,0.9700000000000002,1.1489399597,,,,0.9700000000000002,1.1179921850599999,,,,0.97,1.0889786463200002,,,,0.9700000000000001,1.0889786463200002,0.30338350000000003,0.34357166666699995,0.278811559606
0.99,1.1179921850599999,,,,0.9800000000000002,1.1489399597,,,,0.9800000000000002,1.1489399597,,,,0.98,1.0580308716700002,,,,0.9800000000000001,1.0889786463200002,,,
1.0,1.0889786463200002,0.3164175,0.350503125,0.347697723765,0.9900000000000002,1.17988773435,0.317961,0.34990763888899995,0.267720630787,0.9900000000000002,1.17988773435,,,,0.99,1.0889786463200002,0.315217,0.35371875,0.321810619213,0.9900000000000001,1.0889786463200002,,,
1.01,1.1179921850599999,,,,1.0,1.210835509,,,,1.0000000000000002,1.17988773435,0.316932,0.34347638888899995,0.24902898341,1.0,1.0889786463200002,,,,1.0,1.0889786463200002,,,
1.02,1.1489399597,,,,1.01,1.23984904774,,,,1.0100000000000002,1.17988773435,,,,1.01,1.0889786463200002,,,,1.01,1.1179921850599999,0.3171035,0.35633888888899995,0.353594690394
1.03,1.1489399597,,,,1.02,1.23984904774,,,,1.0200000000000002,1.1489399597,,,,1.02,1.0889786463200002,,,,1.02,1.0889786463200002,,,
1.04,1.1489399597,0.3304805,0.37277430555600005,0.29534456983,1.03,1.210835509,0.3321955,0.35681527777800004,0.255480082948,1.0300000000000002,1.1489399597,,,,1.03,1.0580308716700002,0.3297945,0.37348888888899995,0.227029079861,1.03,1.0889786463200002,,,
1.05,1.1489399597,,,,1.04,1.1489399597,,,,1.0400000000000003,1.1179921850599999,0.3308235,0.356696180556,0.309487364969,1.04,1.0580308716700002,,,,1.04,1.0889786463200002,,,
1.06,1.1489399597,,,,1.05,1.1489399597,,,,1.0500000000000003,1.1179921850599999,,,,1.05,1.0889786463200002,,,,1.05,1.0889786463200002,0.33150949999999996,0.37718090277800004,0.304864076968
1.07,1.1179921850599999,,,,1.06,1.1489399597,,,,1.0600000000000003,1.1489399597,,,,1.06,1.0580308716700002,,,,1.06,1.0889786463200002,,,
1.08,1.1489399597,0.3469445,0.37980104166699996,0.12422501929000002,1.07,1.1179921850599999,0.346087,0.372178819444,0.211397569444,1.0700000000000003,1.1489399597,,,,1.07,1.0889786463200002,0.34591550000000004,0.37670451388899995,0.05359375,1.07,1.0889786463200002,,,
1.09,1.1489399597,,,,1.08,1.1179921850599999,,,,1.0800000000000003,1.17988773435,0.3452295,0.375275347222,0.23215687692899997,1.08,1.0889786463200002,,,,1.08,1.1179921850599999,,,
1.1,1.1489399597,,,,1.09,1.1179921850599999,,,,1.0900000000000003,1.1489399597,,,,1.09,1.0889786463200002,,,,1.09,1.1179921850599999,0.347802,0.385994097222,0.141030960648
1.11,1.1179921850599999,,,,1.1,1.0889786463200002,,,,1.1000000000000003,1.1489399597,,,,1.1,1.0580308716700002,,,,1.1,1.1489399597,,,
1.12,1.0889786463200002,0.3613505,0.37598993055600005,0.0951123649691,1.11,1.1489399597,0.3627225,0.37241701388899995,0.194938994985,1.1100000000000003,1.1489399597,,,,1.11,1.0580308716700002,0.3606645,0.365271180556,0.142006896219,1.11,1.1179921850599999,,,
1.13,1.1179921850599999,,,,1.12,1.1489399597,,,,1.1200000000000003,1.17988773435,0.361865,0.37348888888899995,0.18534505208299998,1.12,1.0580308716700002,,,,1.12,1.0889786463200002,,,
1.14,1.1179921850599999,,,,1.1300000000000001,1.1489399597,,,,1.1300000000000003,1.17988773435,,,,1.13,1.0580308716700002,,,,1.1300000000000001,1.0889786463200002,0.362894,0.38361215277800004,0.07997709297839999
1.15,1.1489399597,,,,1.1400000000000001,1.17988773435,,,,1.1400000000000001,1.17988773435,,,,1.14,1.02708309703,,,,1.1400000000000001,1.1179921850599999,,,
1.16,1.1489399597,0.3764425,0.38337395833300003,0.162931616512,1.1500000000000001,1.1489399597,0.3754135,0.38218298611100004,0.288314525463,1.1500000000000001,1.17988773435,,,,1.15,1.0580308716700002,0.3736985,0.38313576388899995,0.336036120756,1.1500000000000001,1.0889786463200002,,,
1.17,1.1489399597,,,,1.1600000000000001,1.1489399597,,,,1.1600000000000001,1.17988773435,0.374556,0.38254027777800004,0.285502507716,1.16,1.0580308716700002,,,,1.1600000000000001,1.0889786463200002,,,
1.18,1.1489399597,,,,1.1700000000000002,1.210835509,,,,1.1700000000000002,1.1489399597,,,,1.17,1.0580308716700002,,,,1.1700000000000002,1.0889786463200002,0.3781575,0.387065972222,0.14184148340999997
1.19,1.1489399597,,,,1.1800000000000002,1.1489399597,,,,1.1800000000000002,1.1489399597,,,,1.18,1.02708309703,,,,1.1800000000000002,1.0889786463200002,,,
1.2,1.1489399597,0.392049,0.39099618055600005,0.20155550733,1.1900000000000002,1.1489399597,0.392735,0.40290590277800004,0.22752531828699998,1.1900000000000002,1.1489399597,,,,1.19,1.0580308716700002,0.39119149999999997,0.40445416666699996,0.27714916088,1.1900000000000002,1.0889786463200002,,,
1.21,1.1489399597,,,,1.2000000000000002,1.1179921850599999,,,,1.2000000000000002,1.1489399597,0.3918775,0.403025,0.248698157793,1.2,1.0580308716700002,,,,1.2000000000000002,1.0889786463200002,,,
1.22,1.1489399597,,,,1.2100000000000002,1.0889786463200002,,,,1.2100000000000002,1.1489399597,,,,1.21,1.02708309703,,,,1.21,1.0580308716700002,0.3935925,0.39659375,0.18600670331799998
1.23,1.1489399597,,,,1.2200000000000002,1.0889786463200002,,,,1.2200000000000002,1.1489399597,,,,1.22,1.02708309703,,,,1.2200000000000002,1.0580308716700002,,,
1.24,1.1489399597,0.4076555,0.40064305555600005,0.21553288965999998,1.2300000000000002,1.0889786463200002,0.4086845,0.40231041666699996,0.127533275463,1.2300000000000002,1.0580308716700002,,,,1.23,1.0580308716700002,0.40696950000000004,0.407431597222,0.159540653935,1.23,1.0580308716700002,,,
1.25,1.1489399597,,,,1.2400000000000002,1.1179921850599999,,,,1.2400000000000002,1.0580308716700002,0.4076555,0.40600243055600005,0.139856529707,1.24,1.0580308716700002,,,,1.2400000000000002,1.0889786463200002,,,
1.26,1.1179921850599999,,,,1.25,1.1179921850599999,,,,1.2500000000000002,1.02708309703,,,,1.25,1.0580308716700002,,,,1.25,1.0580308716700002,0.41005649999999993,0.40362048611100004,0.19651041666700003
1.27,1.1489399597,,,,1.26,1.1179921850599999,,,,1.2600000000000002,1.02708309703,,,,1.26,1.0889786463200002,,,,1.26,1.0889786463200002,,,
1.28,1.1179921850599999,0.4241195,0.40981354166699996,0.199322434414,1.27,1.1489399597,0.424634,0.40719340277800004,0.149036940586,1.2700000000000002,1.02708309703,,,,1.27,1.0580308716700002,0.423605,0.41255277777800003,0.133570842978,1.27,1.0889786463200002,,,
1.29,1.1489399597,,,,1.28,1.1489399597,,,,1.2800000000000002,1.02708309703,0.424291,0.40981354166699996,0.12116488232999999,1.28,1.0580308716700002,,,,1.28,1.0889786463200002,,,
1.3,1.1489399597,,,,1.29,1.1489399597,,,,1.2900000000000003,1.02708309703,,,,1.29,1.0580308716700002,,,,1.29,1.0580308716700002,0.4258345,0.411719097222,0.215698302469
1.31,1.1489399597,,,,1.3,1.1489399597,,,,1.3000000000000003,1.02708309703,,,,1.3,1.0580308716700002,,,,1.3,1.0889786463200002,,,
1.32,1.1489399597,0.440755,0.41314826388899994,0.26102141203699997,1.31,1.1489399597,0.44109799999999993,0.41433923611100004,0.187826244213,1.3100000000000003,1.02708309703,,,,1.31,1.0580308716700002,0.44006899999999993,0.41529201388899994,0.18261574074099998,1.31,1.0580308716700002,,,
1.33,1.1489399597,,,,1.32,1.1489399597,,,,1.3200000000000003,1.02708309703,0.44041199999999997,0.41326736111100004,0.169051890432,1.32,1.0889786463200002,,,,1.32,1.0889786463200002,,,
1.34,1.1489399597,,,,1.33,1.1489399597,,,,1.3300000000000003,1.02708309703,,,,1.33,1.1179921850599999,,,,1.33,1.0889786463200002,0.4429845,0.42053229166699996,0.23893880208299997
1.35,1.1489399597,,,,1.34,1.1179921850599999,,,,1.3400000000000003,1.02708309703,,,,1.34,1.0889786463200002,,,,1.34,1.0580308716700002,,,
1.36,1.1489399597,0.4567045,0.427678125,0.374825424383,1.35,1.1489399597,0.457905,0.42100868055600005,0.26796875,1.3500000000000003,1.02708309703,,,,1.35,1.0580308716700002,0.45653299999999997,0.425653472222,0.26490861304,1.35,1.0580308716700002,,,
1.37,1.1179921850599999,,,,1.36,1.1489399597,,,,1.3600000000000003,1.02708309703,0.457219,0.42160416666699996,0.257878568673,1.36,1.0889786463200002,,,,1.36,1.0889786463200002,,,
1.38,1.1179921850599999,,,,1.37,1.1489399597,,,,1.3700000000000003,1.0580308716700002,,,,1.37,1.0580308716700002,,,,1.37,1.0889786463200002,0.4594485,0.430060069444,0.271690538194
1.39,1.1489399597,,,,1.3800000000000001,1.1489399597,,,,1.3800000000000003,1.0580308716700002,,,,1.38,1.0889786463200002,,,,1.3800000000000001,1.0889786463200002,,,
1.4,1.1489399597,0.47471199999999997,0.44780555555600005,0.35820143711400004,1.3900000000000001,1.1489399597,0.4745405,0.434228472222,0.36390817901199995,1.3900000000000001,1.02708309703,,,,1.39,1.0580308716700002,0.4738545,0.44113611111100004,0.240510223765,1.3900000000000001,1.1179921850599999,,,
1.41,1.1489399597,,,,1.4000000000000001,1.1489399597,,,,1.4000000000000001,1.02708309703,0.4738545,0.435895833333,0.288231819059,1.4,1.0889786463200002,,,,1.4000000000000001,1.0889786463200002,,,
1.42,1.17988773435,,,,1.4100000000000001,1.1489399597,,,,1.4100000000000001,1.02708309703,,,,1.41,1.0580308716700002,,,,1.4100000000000001,1.0889786463200002,0.477113,0.445066319444,0.24175081983000002
1.43,1.1489399597,,,,1.4200000000000002,1.1489399597,,,,1.4200000000000002,1.02708309703,,,,1.42,1.0580308716700002,,,,1.42,1.0889786463200002,,,
1.44,1.17988773435,0.49254799999999993,0.464598263889,0.153668499228,1.4300000000000002,1.1489399597,0.49237650000000005,0.45328402777800003,0.35853226273100003,1.4300000000000002,1.02708309703,,,,1.43,1.0580308716700002,0.492205,0.44840104166699996,0.141345244985,1.4300000000000002,1.0889786463200002,,,
1.45,1.1489399597,,,,1.4400000000000002,1.1489399597,,,,1.4400000000000002,1.02708309703,0.4920335,0.45066388888899994,0.185427758488,1.44,1.0580308716700002,,,,1.44,1.0889786463200002,,,
1.46,1.1489399597,,,,1.4500000000000002,1.1179921850599999,,,,1.4500000000000002,1.02708309703,,,,1.45,1.0580308716700002,,,,1.4500000000000002,1.1179921850599999,0.4954635,0.451259375,0.17227744020100003
1.47,1.1489399597,,,,1.4600000000000002,1.0580308716700002,,,,1.4600000000000002,1.02708309703,,,,1.46,1.02708309703,,,,1.46,1.1179921850599999,,,
1.48,1.1489399597,0.5126135,0.464121875,-0.11198447145099999,1.4700000000000002,1.0889786463200002,0.510727,0.47091041666699995,0.17169849537,1.4700000000000002,1.02708309703,,,,1.47,1.0580308716700002,0.510041,0.448758333333,0.122819010417,1.4700000000000002,1.1179921850599999,,,
1.49,1.1489399597,,,,1.4800000000000002,1.0889786463200002,,,,1.4800000000000002,1.0580308716700002,0.5105555,0.45114027777800003,0.0797289737654,1.48,1.0580308716700002,,,,1.48,1.1489399597,,,
1.5,1.1489399597,,,,1.4900000000000002,1.0889786463200002,,,,1.4900000000000002,1.02708309703,,,,1.49,1.0580308716700002,,,,1.4900000000000002,1.0889786463200002,0.5132995,0.45542777777800003,0.17533757715999998
1.51,1.1489399597,,,,1.5,1.0889786463200002,,,,1.5000000000000002,1.02708309703,,,,1.5,1.0889786463200002,,,,1.5,1.0889786463200002,,,
1.52,1.1489399597,0.5307925,0.44042152777800003,-0.0227442611883,1.51,1.0889786463200002,0.5307925,0.471029513889,-0.0678192515432,1.5100000000000002,1.0580308716700002,,,,1.51,1.0889786463200002,0.527877,0.45376041666699996,0.210322386188,1.5100000000000002,1.0889786463200002,,,
1.53,1.1489399597,,,,1.52,1.1179921850599999,,,,1.5200000000000002,1.02708309703,0.52822,0.44971111111100004,0.14010464892000002,1.52,1.0580308716700002,,,,1.52,1.0889786463200002,,,
1.54,1.1489399597,,,,1.53,1.1179921850599999,,,,1.5300000000000002,1.02708309703,,,,1.53,1.0889786463200002,,,,1.5300000000000002,1.0889786463200002,0.53165,0.464360069444,0.204450231481
1.55,1.1489399597,,,,1.54,1.1489399597,,,,1.5400000000000003,1.0580308716700002,,,,1.54,1.0889786463200002,,,,1.54,1.1179921850599999,,,
1.56,1.1489399597,0.546399,0.449353819444,0.35423152970700006,1.55,1.1489399597,0.5494859999999999,0.450425694444,0.0353983410494,1.5500000000000003,1.0889786463200002,,,,1.55,1.1179921850599999,0.546056,0.465908333333,0.298900945216,1.55,1.0889786463200002,,,
1.57,1.1489399597,,,,1.56,1.0889786463200002,,,,1.5600000000000003,1.0580308716700002,0.546056,0.4587625,0.286743103781,1.56,1.1179921850599999,,,,1.56,1.0889786463200002,,,
1.58,1.17988773435,,,,1.57,1.1179921850599999,,,,1.5700000000000003,1.0889786463200002,,,,1.57,1.0889786463200002,,,,1.57,1.0889786463200002,0.550515,0.47245868055600004,0.225623070988
1.59,1.17988773435,,,,1.58,1.1179921850599999,,,,1.5800000000000003,1.0889786463200002,,,,1.58,1.1179921850599999,,,,1.58,1.0889786463200002,,,
1.6,1.1489399597,0.5657785,0.479366319444,0.510133101852,1.59,1.1179921850599999,0.5654355,0.459953472222,0.431892843364,1.5900000000000003,1.1489399597,,,,1.59,1.0889786463200002,0.5650925,0.47996180555600004,0.337524836034,1.59,1.1179921850599999,,,
1.61,1.1489399597,,,,1.6,1.0889786463200002,,,,1.6000000000000003,1.1179921850599999,0.564578,0.476388888889,0.35555483217600004,1.6,1.1489399597,,,,1.6,1.1179921850599999,,,
1.62,1.1179921850599999,,,,1.61,1.0889786463200002,,,,1.6100000000000003,1.0889786463200002,,,,1.61,1.1489399597,,,,1.61,1.1179921850599999,0.56938,0.482462847222,0.24340494791700001
1.63,1.1179921850599999,,,,1.62,1.0580308716700002,,,,1.6200000000000003,1.0889786463200002,,,,1.62,1.1179921850599999,,,,1.62,1.0889786463200002,,,
1.64,1.1179921850599999,0.585158,0.503662152778,0.361675106096,1.6300000000000001,1.0580308716700002,0.584815,0.500922916667,0.491854986497,1.6300000000000003,1.0580308716700002,,,,1.63,1.1489399597,0.584472,0.49496805555600004,0.315607638889,1.6300000000000001,1.0889786463200002,,,
1.65,1.1179921850599999,,,,1.6400000000000001,1.0580308716700002,,,,1.6400000000000001,1.02708309703,0.5843005,0.49187152777800003,0.313539978781,1.64,1.1489399597,,,,1.6400000000000001,1.0889786463200002,,,
1.66,1.0889786463200002,,,,1.6500000000000001,1.0889786463200002,,,,1.6500000000000001,1.02708309703,,,,1.65,1.1489399597,,,,1.6500000000000001,1.0889786463200002,0.5891025,0.49258611111100004,0.24588614004599998
1.67,1.1179921850599999,,,,1.6600000000000001,1.0580308716700002,,,,1.6600000000000001,1.02708309703,,,,1.66,1.1489399597,,,,1.6600000000000001,1.1179921850599999,,,
1.68,1.1179921850599999,0.60711,0.505567708333,0.228269675926,1.6700000000000002,1.0580308716700002,0.6069385,0.5139045138889999,0.22074339313299998,1.6700000000000002,1.02708309703,,,,1.67,1.1179921850599999,0.6048805,0.504376736111,0.297743055556,1.67,1.0889786463200002,,,
1.69,1.0889786463200002,,,,1.6800000000000002,1.0580308716700002,,,,1.6800000000000002,1.02708309703,0.6041945,0.501280208333,0.26738980517,1.68,1.1489399597,,,,1.6800000000000002,1.0889786463200002,,,
1.7,1.1179921850599999,,,,1.6900000000000002,1.0580308716700002,,,,1.6900000000000002,1.02708309703,,,,1.69,1.1489399597,,,,1.69,1.0889786463200002,0.608825,0.501756597222,0.264743200231
1.71,1.1179921850599999,,,,1.7000000000000002,1.0580308716700002,,,,1.7000000000000002,1.0580308716700002,,,,1.7,1.1489399597,,,,1.7000000000000002,1.0889786463200002,,,
1.72,1.1179921850599999,0.6251175,0.5145,0.244562837577,1.7100000000000002,1.0580308716700002,0.6266609999999999,0.509736111111,0.102721354167,1.7100000000000002,1.0889786463200002,,,,1.71,1.1489399597,0.6244314999999999,0.521407638889,0.233480179398,1.71,1.0889786463200002,,,
1.73,1.1179921850599999,,,,1.7200000000000002,1.0580308716700002,,,,1.7200000000000002,1.0889786463200002,0.6244314999999999,0.5104506944439999,0.272021363812,1.72,1.1489399597,,,,1.7200000000000002,1.1179921850599999,,,
1.74,1.0889786463200002,,,,1.7300000000000002,1.0580308716700002,,,,1.7300000000000002,1.0580308716700002,,,,1.73,1.1179921850599999,,,,1.73,1.1179921850599999,0.6292335,0.5125944444439999,0.308908420139
1.75,1.1489399597,,,,1.7400000000000002,1.0580308716700002,,,,1.7400000000000002,1.0580308716700002,,,,1.74,1.0889786463200002,,,,1.7400000000000002,1.1489399597,,,
1.76,1.0889786463200002,0.647927,0.529982638889,0.180051842207,1.75,1.0580308716700002,0.6470695,0.515810069444,0.132164834105,1.7500000000000002,1.0580308716700002,,,,1.75,1.1489399597,0.6474125,0.522003125,0.18923225308699998,1.75,1.1489399597,,,
1.77,1.0889786463200002,,,,1.76,1.0889786463200002,,,,1.7600000000000002,1.02708309703,0.64484,0.522122222222,0.295179157022,1.7599999999999998,1.1489399597,,,,1.7600000000000002,1.1179921850599999,,,
1.78,1.0580308716700002,,,,1.77,1.0889786463200002,,,,1.77,1.02708309703,,,,1.77,1.1489399597,,,,1.77,1.1489399597,0.6498135,0.524385069444,0.376893084491
1.79,1.0889786463200002,,,,1.78,1.02708309703,,,,1.7800000000000002,1.02708309703,,,,1.7799999999999998,1.1489399597,,,,1.7800000000000002,1.1179921850599999,,,
1.8,1.0889786463200002,0.6683355,0.528672569444,0.130593412423,1.79,1.02708309703,0.6679925,0.521407638889,0.170706018519,1.79,1.02708309703,,,,1.79,1.1489399597,0.665763,0.530578125,0.262675540124,1.79,1.0889786463200002,,,
1.81,1.0889786463200002,,,,1.8,1.02708309703,,,,1.8000000000000003,1.02708309703,0.6659345,0.539391319444,0.217600549769,1.7999999999999998,1.1489399597,,,,1.8,1.0889786463200002,,,
1.82,1.0889786463200002,,,,1.81,1.02708309703,,,,1.81,1.0580308716700002,,,,1.81,1.1489399597,,,,1.81,1.0889786463200002,0.670565,0.547847222222,0.32205873842599997
1.83,1.1489399597,,,,1.82,1.0580308716700002,,,,1.8200000000000003,1.0580308716700002,,,,1.8199999999999998,1.1489399597,,,,1.82,1.1179921850599999,,,
1.84,1.1489399597,0.689773,0.536771180556,0.156149691358,1.83,1.0889786463200002,0.6887439999999999,0.529268055556,0.215119357639,1.83,1.0580308716700002,,,,1.83,1.1489399597,0.6892585,0.550705555556,0.183277391975,1.83,1.1179921850599999,,,
1.85,1.1489399597,,,,1.84,1.0889786463200002,,,,1.8400000000000003,1.0580308716700002,0.6889155,0.537962152778,0.169548128858,1.8399999999999999,1.1489399597,,,,1.84,1.1489399597,,,
1.86,1.17988773435,,,,1.85,1.1179921850599999,,,,1.85,1.0580308716700002,,,,1.85,1.1489399597,,,,1.85,1.1179921850599999,0.694232,0.557851388889,0.104044656636
1.87,1.17988773435,,,,1.86,1.1489399597,,,,1.8600000000000003,1.02708309703,,,,1.8599999999999999,1.1489399597,,,,1.86,1.0889786463200002,,,
1.88,1.1489399597,0.711382,0.5417732638889999,0.176991705247,1.87,1.1179921850599999,0.7101814999999999,0.540105902778,0.221405044367,1.87,1.0580308716700002,,,,1.87,1.1489399597,0.7110390000000001,0.545941666667,0.0953604841821,1.87,1.1179921850599999,,,
1.89,1.0889786463200002,,,,1.88,1.0889786463200002,,,,1.8800000000000003,1.0889786463200002,0.7084665,0.546418055556,0.249856047454,1.88,1.1489399597,,,,1.8800000000000001,1.1179921850599999,,,
1.9,1.1489399597,,,,1.8900000000000001,1.0889786463200002,,,,1.8900000000000001,1.1179921850599999,,,,1.8900000000000001,1.1489399597,,,,1.8900000000000001,1.1179921850599999,0.7160125,0.549752777778,0.0248946277006
1.91,1.0889786463200002,,,,1.9,1.1179921850599999,,,,1.9000000000000004,1.0889786463200002,,,,1.9,1.1489399597,,,,1.9000000000000001,1.1179921850599999,,,
1.92,1.0889786463200002,0.732991,0.550705555556,0.20842013888900002,1.9100000000000001,1.0580308716700002,0.7321335,0.547489930556,0.21379605517,1.9100000000000001,1.1179921850599999,,,,1.9100000000000001,1.1489399597,0.7324765000000001,0.550705555556,0.161691020448,1.9100000000000001,1.1489399597,,,
1.93,1.0889786463200002,,,,1.92,1.0889786463200002,,,,1.9200000000000004,1.0889786463200002,0.7321335,0.564163541667,0.206352478781,1.92,1.1489399597,,,,1.9200000000000002,1.17988773435,,,
1.94,1.0889786463200002,,,,1.9300000000000002,1.0580308716700002,,,,1.9300000000000002,1.0889786463200002,,,,1.9300000000000002,1.1489399597,,,,1.9300000000000002,1.210835509,0.7376215,0.552849305556,0.109337866512
1.95,1.0889786463200002,,,,1.94,1.0580308716700002,,,,1.9400000000000004,1.0889786463200002,,,,1.94,1.1179921850599999,,,,1.9400000000000002,1.210835509,,,
1.96,1.0889786463200002,0.7554575,0.559280555556,0.216938898534,1.9500000000000002,1.0889786463200002,0.7539140000000001,0.556184027778,0.223968942901,1.9500000000000002,1.0889786463200002,,,,1.9500000000000002,1.1489399597,0.7547715,0.560947916667,0.19593147183600002,1.9500000000000002,1.23984904774,,,
1.97,1.0580308716700002,,,,1.96,1.0889786463200002,,,,1.9600000000000004,1.1179921850599999,0.7544285,0.565235416667,0.1205859375,1.96,1.1179921850599999,,,,1.9600000000000002,1.23984904774,,,
1.98,1.0889786463200002,,,,1.9700000000000002,1.0889786463200002,,,,1.9700000000000002,1.0889786463200002,,,,1.9700000000000002,1.1489399597,,,,1.9700000000000002,1.27079682238,0.760088,0.559876041667,0.18534505208299998
1.99,1.0889786463200002,,,,1.98,1.1179921850599999,,,,1.9800000000000004,1.0580308716700002,,,,1.98,1.1489399597,,,,1.98,1.27079682238,,,
2.0,1.1179921850599999,0.7777525,0.567617361111,0.232322289738,1.9900000000000002,1.1179921850599999,0.776552,0.566307291667,0.215450183256,1.9900000000000002,1.0580308716700002,,,,1.9900000000000002,1.1179921850599999,0.7775810000000001,0.5682128472219999,0.20039761767,1.99,1.27079682238,,,
2.01,1.0889786463200002,,,,2.0,1.1489399597,,,,2.0000000000000004,1.0580308716700002,0.777238,0.568570138889,0.140518180941,2.0,1.1489399597,,,,2.0,1.27079682238,,,
2.02,1.0889786463200002,,,,2.0100000000000002,1.1179921850599999,,,,2.0100000000000002,1.0580308716700002,,,,2.01,1.1489399597,,,,2.01,1.27079682238,0.7823829999999999,0.569165625,0.228435088735
2.03,1.0889786463200002,,,,2.02,1.1179921850599999,,,,2.02,1.0580308716700002,,,,2.02,1.1489399597,,,,2.02,1.27079682238,,,
2.04,1.1489399597,0.8007335,0.578693402778,0.229014033565,2.0300000000000002,1.1179921850599999,0.7993615,0.573453125,0.207179542824,2.0300000000000002,1.0580308716700002,,,,2.03,1.17988773435,0.800219,0.575835069444,0.219502797068,2.0300000000000002,1.30174459703,,,
2.05,1.1489399597,,,,2.04,1.1179921850599999,,,,2.04,1.0889786463200002,0.7997045,0.575358680556,0.193781105324,2.04,1.17988773435,,,,2.04,1.27079682238,,,
2.06,1.1179921850599999,,,,2.0500000000000003,1.1179921850599999,,,,2.0500000000000003,1.0580308716700002,,,,2.05,1.17988773435,,,,2.05,1.27079682238,0.8055355,0.580241666667,0.215946421682
2.07,1.1489399597,,,,2.06,1.1179921850599999,,,,2.06,1.0580308716700002,,,,2.06,1.17988773435,,,,2.06,1.27079682238,,,
2.08,1.1179921850599999,0.8242290000000001,0.586196527778,0.218344907407,2.0700000000000003,1.1179921850599999,0.8223425,0.5823854166669999,0.209495322145,2.0700000000000003,1.0580308716700002,,,,2.07,1.17988773435,0.823543,0.585601041667,0.23678843557100002,2.0700000000000003,1.23984904774,,,
2.09,1.1179921850599999,,,,2.08,1.0889786463200002,,,,2.08,1.0580308716700002,0.8232,0.585124652778,0.23025462963000004,2.08,1.1489399597,,,,2.08,1.210835509,,,
2.1,1.1489399597,,,,2.0900000000000003,1.1179921850599999,,,,2.0900000000000003,1.02708309703,,,,2.09,1.17988773435,,,,2.09,1.210835509,0.829031,0.586434722222,0.19940514081799998
2.11,1.1489399597,,,,2.1,1.1179921850599999,,,,2.1,1.0580308716700002,,,,2.1,1.1489399597,,,,2.1,1.27079682238,,,
2.12,1.1489399597,0.8475530000000001,0.595128819444,0.22520953896600002,2.1100000000000003,1.0889786463200002,0.8460095,0.5902458333330001,0.20891637731499998,2.1100000000000003,1.02708309703,,,,2.11,1.1489399597,0.8470385,0.595843402778,0.228186969522,2.1100000000000003,1.27079682238,,,
2.13,1.1489399597,,,,2.12,1.0889786463200002,,,,2.12,1.02708309703,0.8465239999999999,0.594771527778,0.235382426698,2.12,1.1489399597,,,,2.12,1.27079682238,,,
2.14,1.1489399597,,,,2.13,1.1489399597,,,,2.1300000000000003,1.0580308716700002,,,,2.13,1.1489399597,,,,2.13,1.27079682238,0.852355,0.594652430556,0.21329981674400003
2.15,1.1489399597,,,,2.14,1.1179921850599999,,,,2.14,1.0580308716700002,,,,2.14,1.1489399597,,,,2.14,1.30174459703,,,
2.16,1.1489399597,0.8717345,0.605728472222,0.202630690586,2.15,1.1179921850599999,0.869505,0.598939930556,0.21073591820999998,2.1500000000000004,1.02708309703,,,,2.15,1.1489399597,0.8712200000000001,0.605609375,0.182202208719,2.1500000000000004,1.27079682238,,,
2.17,1.1489399597,,,,2.16,1.1489399597,,,,2.16,1.02708309703,0.8707055,0.605609375,0.20213445215999998,2.16,1.1489399597,,,,2.16,1.27079682238,,,
2.18,1.1489399597,,,,2.17,1.1489399597,,,,2.1700000000000004,1.02708309703,,,,2.17,1.1489399597,,,,2.17,1.27079682238,0.8765364999999999,0.604061111111,0.21553288965999998
2.19,1.17988773435,,,,2.18,1.1489399597,,,,2.18,1.0580308716700002,,,,2.18,1.1489399597,,,,2.18,1.27079682238,,,
2.2,1.17988773435,0.896259,0.611445138889,0.180796199846,2.19,1.1489399597,0.893858,0.608825,0.18195408950599998,2.1900000000000004,1.0580308716700002,,,,2.19,1.1489399597,0.8957444999999999,0.609658680556,0.156232397762,2.1900000000000004,1.30174459703,,,
2.21,1.17988773435,,,,2.2,1.1489399597,,,,2.2,1.0580308716700002,0.89523,0.61096875,0.169713541667,2.2,1.1489399597,,,,2.2,1.27079682238,,,
2.22,1.17988773435,,,,2.21,1.1489399597,,,,2.2100000000000004,1.0889786463200002,,,,2.21,1.1489399597,,,,2.21,1.27079682238,0.900718,0.612636111111,0.204450231481
2.23,1.210835509,,,,2.22,1.1489399597,,,,2.22,1.0889786463200002,,,,2.22,1.1489399597,,,,2.22,1.27079682238,,,
2.24,1.17988773435,0.9206120000000001,0.617876388889,0.206848717207,2.23,1.1489399597,0.9185540000000001,0.612040625,0.186502941744,2.2300000000000004,1.0889786463200002,,,,2.23,1.1489399597,0.919926,0.61525625,0.196096884645,2.23,1.27079682238,,,
2.25,1.17988773435,,,,2.24,1.1489399597,,,,2.24,1.0580308716700002,0.919583,0.616328125,0.198991608796,2.24,1.1489399597,,,,2.24,1.27079682238,,,
2.26,1.1489399597,,,,2.25,1.1489399597,,,,2.2500000000000004,1.0889786463200002,,,,2.25,1.1489399597,,,,2.25,1.27079682238,0.9255855,0.620496527778,0.193450279707
2.27,1.1489399597,,,,2.2600000000000002,1.1489399597,,,,2.2600000000000002,1.0580308716700002,,,,2.26,1.1489399597,,,,2.26,1.27079682238,,,
2.28,1.1489399597,0.9454795,0.628595138889,0.222562934028,2.27,1.1489399597,0.942564,0.620734722222,0.253329716435,2.27,1.0580308716700002,,,,2.27,1.1489399597,0.9447935,0.624903125,0.24687861689800003,2.27,1.30174459703,,,
2.29,1.1489399597,,,,2.2800000000000002,1.1489399597,,,,2.2800000000000002,1.0889786463200002,0.9442790000000001,0.627046875,0.22752531828699998,2.28,1.1179921850599999,,,,2.2800000000000002,1.30174459703,,,
2.3,1.1489399597,,,,2.29,1.1179921850599999,,,,2.29,1.0889786463200002,,,,2.29,1.1179921850599999,,,,2.29,1.30174459703,0.9504530000000001,0.6265704861110001,0.21379605517
2.31,1.1179921850599999,,,,2.3000000000000003,1.1489399597,,,,2.3000000000000003,1.0580308716700002,,,,2.3,1.1489399597,,,,2.3,1.30174459703,,,
2.32,1.1179921850599999,0.971033,0.6368128472219999,0.21586371527800002,2.31,1.1489399597,0.9679459999999999,0.635026388889,0.266728153935,2.31,1.0580308716700002,,,,2.31,1.1489399597,0.9698325000000001,0.636574652778,0.262510127315,2.31,1.30174459703,,,
2.33,1.1179921850599999,,,,2.3200000000000003,1.1489399597,,,,2.3200000000000003,1.0580308716700002,0.9698325000000001,0.636217361111,0.222562934028,2.32,1.1489399597,,,,2.3200000000000003,1.27079682238,,,
2.34,1.1179921850599999,,,,2.33,1.1179921850599999,,,,2.33,1.0580308716700002,,,,2.33,1.1489399597,,,,2.33,1.27079682238,0.975492,0.637170138889,0.241006462191
2.35,1.0889786463200002,,,,2.3400000000000003,1.0889786463200002,,,,2.3400000000000003,1.02708309703,,,,2.34,1.1489399597,,,,2.34,1.27079682238,,,
2.36,1.0889786463200002,0.9964149999999999,0.6453878472219999,0.217683256173,2.35,1.1179921850599999,0.9936709999999999,0.643363194444,0.25878833912,2.35,1.02708309703,,,,2.35,1.1489399597,0.9957290000000001,0.6481270833330001,0.23017192322500002,2.35,1.27079682238,,,
2.37,1.0889786463200002,,,,2.3600000000000003,1.1179921850599999,,,,2.3600000000000003,1.02708309703,0.9952145,0.644792361111,0.218179494599,2.36,1.1179921850599999,,,,2.3600000000000003,1.27079682238,,,
2.38,1.1179921850599999,,,,2.37,1.1179921850599999,,,,2.37,1.02708309703,,,,2.37,1.0889786463200002,,,,2.37,1.30174459703,1.0013885,0.648484375,0.212638165509
2.39,1.1179921850599999,,,,2.38,1.1179921850599999,,,,2.3800000000000003,1.02708309703,,,,2.38,1.0889786463200002,,,,2.38,1.27079682238,,,
2.4,1.1179921850599999,1.0226545,0.653962847222,0.2277734375,2.39,1.1489399597,1.019396,0.6532482638889999,0.296750578704,2.39,1.02708309703,,,,2.39,1.0889786463200002,1.0219685,0.65384375,0.221156925154,2.39,1.27079682238,,,
2.41,1.1489399597,,,,2.4,1.1489399597,,,,2.4000000000000004,1.02708309703,1.021454,0.652771875,0.230337336034,2.4,1.0889786463200002,,,,2.4000000000000004,1.27079682238,,,
2.42,1.1489399597,,,,2.41,1.1489399597,,,,2.41,1.02708309703,,,,2.41,1.0889786463200002,,,,2.41,1.30174459703,1.027628,0.654320138889,0.183442804784
2.43,1.1489399597,,,,2.42,1.1489399597,,,,2.4200000000000004,1.02708309703,,,,2.42,1.0889786463200002,,,,2.42,1.27079682238,,,
2.44,1.1489399597,1.0487225,0.662895138889,0.26242742091,2.43,1.1489399597,1.045807,0.665634375,0.348690200617,2.43,1.02708309703,,,,2.43,1.0889786463200002,1.047865,0.662895138889,0.277976224923,2.43,1.27079682238,,,
2.45,1.1489399597,,,,2.44,1.1179921850599999,,,,2.4400000000000004,1.02708309703,1.0473504999999999,0.66241875,0.25820939429,2.44,1.0889786463200002,,,,2.4400000000000004,1.27079682238,,,
2.46,1.1489399597,,,,2.45,1.1179921850599999,,,,2.45,1.02708309703,,,,2.45,1.0889786463200002,,,,2.45,1.27079682238,1.053696,0.6609895833330001,0.20469835069400003
2.47,1.1179921850599999,,,,2.46,1.1489399597,,,,2.4600000000000004,1.0580308716700002,,,,2.46,1.0889786463200002,,,,2.46,1.27079682238,,,
2.48,1.0889786463200002,1.075648,0.6740902777779999,0.312878327546,2.47,1.1489399597,1.0722180000000001,0.6859999999999999,0.28864535108,2.47,1.0580308716700002,,,,2.47,1.1179921850599999,1.0747905,0.677305902778,0.308991126543,2.47,1.23984904774,,,
2.49,1.1179921850599999,,,,2.48,1.1179921850599999,,,,2.4800000000000004,1.0580308716700002,1.074276,0.675400347222,0.251344762731,2.48,1.0889786463200002,,,,2.48,1.23984904774,,,
2.5,1.1489399597,,,,2.49,1.1489399597,,,,2.49,1.0580308716700002,,,,2.49,1.0889786463200002,,,,2.49,1.27079682238,1.08045,0.669088194444,0.267307098765
2.51,1.17988773435,,,,2.5,1.1489399597,,,,2.5000000000000004,1.0580308716700002,,,,2.5,1.0889786463200002,,,,2.5,1.27079682238,,,
2.52,1.210835509,1.1025735,0.6871909722220001,0.358036024306,2.5100000000000002,1.1489399597,1.1012015,0.694694097222,0.101728877315,2.5100000000000002,1.0889786463200002,,,,2.51,1.1179921850599999,1.1022305000000001,0.688262847222,0.309818190586,2.51,1.27079682238,,,
2.53,1.17988773435,,,,2.52,1.1489399597,,,,2.52,1.0889786463200002,1.101716,0.682546180556,0.242908709491,2.52,1.0889786463200002,,,,2.52,1.27079682238,,,
2.54,1.17988773435,,,,2.5300000000000002,1.1489399597,,,,2.5300000000000002,1.0889786463200002,,,,2.53,1.0889786463200002,,,,2.5300000000000002,1.23984904774,1.1070325,0.682427083333,0.326111352238
2.55,1.1489399597,,,,2.54,1.1489399597,,,,2.54,1.0580308716700002,,,,2.54,1.0889786463200002,,,,2.54,1.27079682238,,,
2.56,1.1489399597,1.130185,0.708152083333,0.274585262346,2.5500000000000003,1.1489399597,1.12847,0.688381944444,0.03754870756169999,2.5500000000000003,1.0580308716700002,,,,2.55,1.0580308716700002,1.129499,0.70529375,0.23091628086399998,2.55,1.23984904774,,,
2.57,1.1489399597,,,,2.56,1.1489399597,,,,2.56,1.0580308716700002,1.1288129999999998,0.691121180556,0.296088927469,2.56,1.0580308716700002,,,,2.56,1.27079682238,,,
2.58,1.1489399597,,,,2.5700000000000003,1.1489399597,,,,2.5700000000000003,1.0580308716700002,,,,2.57,1.0889786463200002,,,,2.5700000000000003,1.27079682238,1.1349870000000002,0.697195138889,0.325615113812
2.59,1.1179921850599999,,,,2.58,1.1489399597,,,,2.58,1.0889786463200002,,,,2.58,1.0580308716700002,,,,2.58,1.27079682238,,,
2.6,1.0889786463200002,1.1598545,0.714702430556,0.07526282793210001,2.5900000000000003,1.1489399597,1.1557385,0.6920739583329999,0.10421006944399999,2.5900000000000003,1.0580308716700002,,,,2.59,1.0889786463200002,1.1591685,0.710414930556,0.0772477816358,2.59,1.27079682238,,,
2.61,1.0889786463200002,,,,2.6,1.1179921850599999,,,,2.6,1.02708309703,1.1564245000000002,0.7105340277779999,0.25258535879599997,2.6,1.0580308716700002,,,,2.6,1.27079682238,,,
2.62,1.1179921850599999,,,,2.6100000000000003,1.1489399597,,,,2.6100000000000003,1.02708309703,,,,2.61,1.0580308716700002,,,,2.6100000000000003,1.27079682238,1.16277,0.711844097222,0.241089168596
2.63,1.1489399597,,,,2.62,1.1179921850599999,,,,2.62,1.02708309703,,,,2.62,1.0889786463200002,,,,2.62,1.27079682238,,,
2.64,1.1489399597,1.1879805,0.707556597222,0.0205111882716,2.63,1.1179921850599999,1.183693,0.698981597222,0.144736207562,2.6300000000000003,1.0580308716700002,,,,2.63,1.0889786463200002,1.18678,0.705531944444,0.0566538869599,2.63,1.27079682238,,,
2.65,1.1489399597,,,,2.64,1.1179921850599999,,,,2.64,1.02708309703,1.1862655,0.716727083333,0.0996612172068,2.64,1.0889786463200002,,,,2.64,1.27079682238,,,
2.66,1.1489399597,,,,2.65,1.1489399597,,,,2.6500000000000004,1.02708309703,,,,2.65,1.0889786463200002,,,,2.6500000000000004,1.27079682238,1.192268,0.718394444444,0.114300250772
2.67,1.1489399597,,,,2.66,1.1179921850599999,,,,2.66,1.02708309703,,,,2.66,1.0889786463200002,,,,2.66,1.23984904774,,,
2.68,1.1489399597,1.215935,0.710295833333,0.10809727044800001,2.67,1.1489399597,1.211819,0.7043409722220001,0.172939091435,2.6700000000000004,1.02708309703,,,,2.67,1.0889786463200002,1.2150775,0.7113677083329999,0.123976900077,2.67,1.1489399597,,,
2.69,1.17988773435,,,,2.68,1.1179921850599999,,,,2.68,1.02708309703,1.21422,0.7129159722220001,0.06674406828700001,2.68,1.1179921850599999,,,,2.68,1.1489399597,,,
2.7,1.210835509,,,,2.69,1.1489399597,,,,2.6900000000000004,1.0580308716700002,,,,2.69,1.1179921850599999,,,,2.6900000000000004,1.1179921850599999,1.2205655,0.7172034722220001,0.0742703510802
2.71,1.210835509,,,,2.7,1.1489399597,,,,2.7,1.0580308716700002,,,,2.7,1.1179921850599999,,,,2.7,1.1489399597,,,
2.72,1.210835509,1.2445754999999998,0.7185135416670001,0.166405285494,2.71,1.1489399597,1.239945,0.711725,0.21338252314800002,2.7100000000000004,1.0580308716700002,,,,2.71,1.1179921850599999,1.243718,0.717084375,0.170209780093,2.71,1.1179921850599999,,,
2.73,1.210835509,,,,2.72,1.1179921850599999,,,,2.72,1.0580308716700002,1.2428605,0.7175607638889999,0.138036988812,2.72,1.0889786463200002,,,,2.72,1.1489399597,,,
2.74,1.23984904774,,,,2.73,1.1489399597,,,,2.7300000000000004,1.0580308716700002,,,,2.73,1.1489399597,,,,2.73,1.1179921850599999,1.2493775,0.721133680556,0.115210021219
2.75,1.27079682238,,,,2.74,1.1489399597,,,,2.74,1.0580308716700002,,,,2.74,1.1489399597,,,,2.74,1.1179921850599999,,,
2.76,1.23984904774,1.273559,0.725302083333,0.18790895061700003,2.75,1.1489399597,1.2685855,0.722681944444,0.224630594136,2.7500000000000004,1.0580308716700002,,,,2.75,1.1489399597,1.2723585,0.725897569444,0.195848765432,2.75,1.1179921850599999,,,
2.77,1.27079682238,,,,2.7600000000000002,1.1489399597,,,,2.7600000000000002,1.02708309703,1.271501,0.725302083333,0.19336757330200002,2.76,1.0889786463200002,,,,2.76,1.1489399597,,,
2.78,1.17988773435,,,,2.77,1.1489399597,,,,2.77,1.0580308716700002,,,,2.77,1.0889786463200002,,,,2.77,1.1489399597,1.2781895,0.726969444444,0.155901572145
2.79,1.17988773435,,,,2.7800000000000002,1.1489399597,,,,2.7800000000000002,1.0580308716700002,,,,2.78,1.0889786463200002,,,,2.7800000000000002,1.1179921850599999,,,
2.8,1.1489399597,1.3025425,0.733400694444,0.20048032407400002,2.79,1.1489399597,1.2979120000000002,0.730899652778,0.205608121142,2.79,1.02708309703,,,,2.79,1.0889786463200002,1.3018565,0.733400694444,0.198081838349,2.79,1.1489399597,,,
2.81,1.1489399597,,,,2.8000000000000003,1.1489399597,,,,2.8000000000000003,1.02708309703,1.3008275,0.735425347222,0.194442756559,2.8,1.0889786463200002,,,,2.8,1.1489399597,,,
2.82,1.1489399597,,,,2.81,1.1489399597,,,,2.81,1.02708309703,,,,2.81,1.1179921850599999,,,,2.81,1.1489399597,1.307516,0.7341152777779999,0.18393904321
2.83,1.1489399597,,,,2.8200000000000003,1.1489399597,,,,2.8200000000000003,1.02708309703,,,,2.82,1.1179921850599999,,,,2.8200000000000003,1.1489399597,,,
2.84,1.1489399597,1.3322120000000002,0.7417375,0.198991608796,2.83,1.1489399597,1.327067,0.738521875,0.19254050925900001,2.83,1.02708309703,,,,2.83,1.1179921850599999,1.3310115,0.7411420138889999,0.209164496528,2.83,1.1489399597,,,
2.85,1.1489399597,,,,2.8400000000000003,1.1489399597,,,,2.8400000000000003,1.0580308716700002,1.330497,0.7417375,0.168886477623,2.84,1.0889786463200002,,,,2.84,1.1489399597,,,
2.86,1.1489399597,,,,2.85,1.1489399597,,,,2.85,1.0580308716700002,,,,2.85,1.0889786463200002,,,,2.85,1.210835509,1.3368425,0.7426902777779999,0.186254822531
2.87,1.1489399597,,,,2.8600000000000003,1.1489399597,,,,2.8600000000000003,1.02708309703,,,,2.86,1.0889786463200002,,,,2.86,1.23984904774,,,
2.88,1.1489399597,1.3618815,0.749836111111,0.18699918017,2.87,1.1489399597,1.356908,0.747335069444,0.159127121914,2.87,1.02708309703,,,,2.87,1.1179921850599999,1.361024,0.751384375,0.19502170138900002,2.87,1.27079682238,,,
2.89,1.1489399597,,,,2.88,1.1179921850599999,,,,2.8800000000000003,1.02708309703,1.3601665,0.7479305555560001,0.165826340664,2.88,1.0889786463200002,,,,2.88,1.27079682238,,,
2.9,1.1489399597,,,,2.89,1.1179921850599999,,,,2.89,1.02708309703,,,,2.89,1.1179921850599999,,,,2.89,1.27079682238,1.3670265,0.749597916667,0.174427806713
2.91,1.17988773435,,,,2.9,1.1179921850599999,,,,2.9000000000000004,1.0889786463200002,,,,2.9,1.0889786463200002,,,,2.9,1.27079682238,,,
2.92,1.1489399597,1.3922370000000002,0.7571010416670001,0.170871431327,2.91,1.1489399597,1.387092,0.751027083333,0.136630979938,2.91,1.0889786463200002,,,,2.91,1.0889786463200002,1.3913795,0.7565055555560001,0.185014226466,2.91,1.30174459703,,,
2.93,1.1489399597,,,,2.92,1.1489399597,,,,2.9200000000000004,1.0889786463200002,1.3903504999999998,0.753885416667,0.18906684027800003,2.92,1.0889786463200002,,,,2.92,1.27079682238,,,
2.94,1.1489399597,,,,2.93,1.1489399597,,,,2.93,1.1179921850599999,,,,2.93,1.0889786463200002,,,,2.93,1.27079682238,1.3968675,0.7551954861110001,0.190720968364
2.95,1.1489399597,,,,2.94,1.17988773435,,,,2.9400000000000004,1.0889786463200002,,,,2.94,1.0889786463200002,,,,2.94,1.27079682238,,,
2.96,1.1489399597,1.4225925,0.7617458333329999,0.193450279707,2.95,1.1489399597,1.416933,0.756029166667,0.16706693672800002,2.95,1.0889786463200002,,,,2.95,1.0889786463200002,1.421392,0.764604166667,0.205690827546,2.95,1.27079682238,,,
2.97,1.1489399597,,,,2.96,1.1489399597,,,,2.9600000000000004,1.1179921850599999,1.4203629999999998,0.762460416667,0.22620201581799998,2.96,1.0889786463200002,,,,2.96,1.27079682238,,,
2.98,1.1489399597,,,,2.97,1.1489399597,,,,2.97,1.0889786463200002,,,,2.97,1.0889786463200002,,,,2.97,1.23984904774,1.427223,0.76531875,0.198991608796
2.99,1.1489399597,,,,2.98,1.1489399597,,,,2.9800000000000004,1.0889786463200002,,,,2.98,1.0889786463200002,,,,2.98,1.27079682238,,,
3.0,1.1489399597,1.452948,0.771273611111,0.24232976465999997,2.99,1.1489399597,1.44746,0.7638895833329999,0.210570505401,2.99,1.1179921850599999,,,,2.99,1.1179921850599999,1.4524335,0.7748465277779999,0.189232253086,2.99,1.27079682238,,,
3.01,1.1489399597,,,,3.0,1.1489399597,,,,3.0000000000000004,1.1489399597,1.451233,0.7736555555560001,0.227856143904,3.0,1.0889786463200002,,,,3.0,1.27079682238,,,
3.02,1.1489399597,,,,3.0100000000000002,1.1489399597,,,,3.0100000000000002,1.1489399597,,,,3.01,1.0889786463200002,,,,3.0100000000000002,1.27079682238,1.4582645,0.771988194444,0.191548032407
3.03,1.1489399597,,,,3.02,1.1489399597,,,,3.02,1.1179921850599999,,,,3.02,1.1179921850599999,,,,3.02,1.23984904774,,,
3.04,1.1489399597,1.484161,0.7836597222220001,0.23877338927499997,3.0300000000000002,1.1489399597,1.4779870000000002,0.7732982638889999,0.24299141589499998,3.0300000000000002,1.1179921850599999,,,,3.03,1.1179921850599999,1.4836465,0.7797295138889999,0.17517216435199998,3.0300000000000002,1.27079682238,,,
3.05,1.1489399597,,,,3.04,1.1179921850599999,,,,3.04,1.0889786463200002,1.482446,0.781158680556,0.21586371527800002,3.04,1.1179921850599999,,,,3.04,1.27079682238,,,
3.06,1.1489399597,,,,3.0500000000000003,1.1489399597,,,,3.0500000000000003,1.1179921850599999,,,,3.05,1.0889786463200002,,,,3.0500000000000003,1.23984904774,1.4889629999999998,0.7793722222220001,0.210653211806
3.07,1.1489399597,,,,3.06,1.1489399597,,,,3.06,1.1489399597,,,,3.06,1.0889786463200002,,,,3.06,1.27079682238,,,
3.08,1.1489399597,1.5158885,0.791281944444,0.213051697531,3.0700000000000003,1.17988773435,1.5092,0.785446180556,0.228269675926,3.0700000000000003,1.1489399597,,,,3.07,1.0889786463200002,1.5146879999999998,0.787232638889,0.194773582176,3.0700000000000003,1.23984904774,,,
3.09,1.1489399597,,,,3.08,1.210835509,,,,3.08,1.1489399597,1.513659,0.7898527777779999,0.22214940200599997,3.08,1.0889786463200002,,,,3.08,1.23984904774,,,
3.1,1.1489399597,,,,3.0900000000000003,1.210835509,,,,3.0900000000000003,1.1489399597,,,,3.09,1.0889786463200002,,,,3.0900000000000003,1.27079682238,1.520519,0.788780902778,0.229841097608
3.11,1.1489399597,,,,3.1,1.17988773435,,,,3.1,1.1489399597,,,,3.1,1.0889786463200002,,,,3.1,1.27079682238,,,
3.12,1.1489399597,1.5474445,0.799023263889,0.21801408179,3.1100000000000003,1.23984904774,1.541099,0.791877430556,0.205773533951,3.1100000000000003,1.1489399597,,,,3.11,1.0889786463200002,1.5465870000000002,0.795569444444,0.20999156057100002,3.11,1.23984904774,,,
3.13,1.1489399597,,,,3.12,1.210835509,,,,3.12,1.0889786463200002,1.545558,0.799856944444,0.20990885416700003,3.12,1.0889786463200002,,,,3.12,1.23984904774,,,
3.14,1.1489399597,,,,3.13,1.1489399597,,,,3.1300000000000003,1.0580308716700002,,,,3.13,1.0889786463200002,,,,3.13,1.23984904774,1.552075,0.7981895833329999,0.238277150849
3.15,1.1489399597,,,,3.14,1.1489399597,,,,3.14,1.0580308716700002,,,,3.14,1.0889786463200002,,,,3.14,1.23984904774,,,
3.16,1.1489399597,1.5796865,0.809027430556,0.21867573302499999,3.15,1.1489399597,1.5724835,0.7993805555560001,0.243074122299,3.1500000000000004,1.02708309703,,,,3.15,1.0889786463200002,1.5783145,0.804382638889,0.221405044367,3.15,1.23984904774,,,
3.17,1.1489399597,,,,3.16,1.1489399597,,,,3.16,1.02708309703,1.5778,0.8067645833329999,0.19659312307100002,3.16,1.0889786463200002,,,,3.16,1.210835509,,,
3.18,1.1489399597,,,,3.17,1.1179921850599999,,,,3.1700000000000004,1.02708309703,,,,3.17,1.0889786463200002,,,,3.17,1.27079682238,1.584317,0.8087892361110001,0.22297646604899998
3.19,1.1179921850599999,,,,3.18,1.1489399597,,,,3.18,1.0580308716700002,,,,3.18,1.0889786463200002,,,,3.18,1.23984904774,,,
3.2,1.1489399597,1.6122715,0.817006944444,0.21189380787,3.19,1.1179921850599999,1.604897,0.8110520833329999,0.29162278163600003,3.1900000000000004,1.0889786463200002,,,,3.19,1.0889786463200002,1.6108995000000002,0.813910416667,0.230502748843,3.19,1.23984904774,,,
3.21,1.1489399597,,,,3.2,1.1179921850599999,,,,3.2,1.1489399597,1.610042,0.814744097222,0.20147280092599998,3.2,1.0889786463200002,,,,3.2,1.23984904774,,,
3.22,1.1489399597,,,,3.21,1.0889786463200002,,,,3.2100000000000004,1.0580308716700002,,,,3.21,1.0889786463200002,,,,3.21,1.23984904774,1.616902,0.8165305555560001,0.194773582176
3.23,1.1489399597,,,,3.22,1.1179921850599999,,,,3.22,1.0889786463200002,,,,3.22,1.1179921850599999,,,,3.22,1.23984904774,,,
3.24,1.1489399597,1.645028,0.825462847222,0.21586371527800002,3.23,1.1489399597,1.6374819999999999,0.821532638889,0.42345679012299997,3.2300000000000004,1.0580308716700002,,,,3.23,1.0889786463200002,1.6436560000000002,0.820341666667,0.29501374421300003,3.23,1.23984904774,,,
3.25,1.1489399597,,,,3.24,1.1489399597,,,,3.24,1.0580308716700002,1.64297,0.8229618055560001,0.205111882716,3.24,1.0889786463200002,,,,3.24,1.23984904774,,,
3.26,1.1489399597,,,,3.25,1.1489399597,,,,3.2500000000000004,1.02708309703,,,,3.25,1.0889786463200002,,,,3.25,1.23984904774,1.6496585,0.8235572916670001,0.183442804784
3.27,1.1489399597,,,,3.2600000000000002,1.1179921850599999,,,,3.2600000000000002,1.02708309703,,,,3.26,1.0889786463200002,,,,3.2600000000000002,1.23984904774,,,
3.28,1.1489399597,1.6782990000000002,0.834156944444,0.21520206404300002,3.27,1.1179921850599999,1.6700669999999997,0.84249375,0.762635754244,3.27,1.02708309703,,,,3.27,1.0889786463200002,1.676241,0.834156944444,0.393847897377,3.27,1.23984904774,,,
3.29,1.1489399597,,,,3.2800000000000002,1.1179921850599999,,,,3.2800000000000002,1.02708309703,1.6758979999999999,0.830941319444,0.204450231481,3.28,1.0889786463200002,,,,3.2800000000000002,1.23984904774,,,
3.3,1.1489399597,,,,3.29,1.1179921850599999,,,,3.29,1.0580308716700002,,,,3.29,1.0889786463200002,,,,3.29,1.23984904774,1.6827580000000002,0.831060416667,0.167315055941
3.31,1.1489399597,,,,3.3000000000000003,1.1179921850599999,,,,3.3000000000000003,1.02708309703,,,,3.3,1.0889786463200002,,,,3.3000000000000003,1.23984904774,,,
3.32,1.1489399597,1.7117415,0.8430892361110001,0.172773678627,3.31,1.1489399597,1.7052245,0.8541652777779999,2.14044174383,3.31,1.02708309703,,,,3.31,1.0889786463200002,1.7096835,0.859762847222,0.278555169753,3.31,1.23984904774,,,
3.33,1.1179921850599999,,,,3.3200000000000003,1.1179921850599999,,,,3.3200000000000003,1.02708309703,1.7093405,0.8409454861110001,0.132578366127,3.32,1.0889786463200002,,,,3.3200000000000003,1.1489399597,,,
3.34,1.1489399597,,,,3.33,1.1179921850599999,,,,3.33,1.0580308716700002,,,,3.33,1.1179921850599999,,,,3.33,1.1179921850599999,1.7162005,0.837729861111,0.08527030285489999
3.35,1.1489399597,,,,3.3400000000000003,1.1179921850599999,,,,3.3400000000000003,1.02708309703,,,,3.34,1.0889786463200002,,,,3.3400000000000003,1.0889786463200002,,,
3.36,1.1489399597,1.7456985,0.853331597222,-0.107270206404,3.35,1.1179921850599999,1.739353,0.9543260416670001,4.04335069444,3.35,1.02708309703,,,,3.35,1.0889786463200002,1.7456985,0.872029861111,-0.288231819059,3.35,1.0889786463200002,,,
3.37,1.1489399597,,,,3.3600000000000003,1.1489399597,,,,3.3600000000000003,1.0580308716700002,1.7432975,0.846900347222,-0.146969280478,3.36,1.0889786463200002,,,,3.36,1.1179921850599999,,,
3.38,1.1489399597,,,,3.37,1.1489399597,,,,3.37,1.0580308716700002,,,,3.37,1.1179921850599999,,,,3.37,1.1489399597,1.749643,0.844756597222,-0.271690538194
3.39,1.1489399597,,,,3.38,1.1179921850599999,,,,3.3800000000000003,1.02708309703,,,,3.38,1.1179921850599999,,,,3.38,1.1179921850599999,,,
3.4,1.1489399597,1.78017,0.851306944444,-0.971469425154,3.39,1.1179921850599999,1.7726240000000002,1.1740604166700002,4.4051085069400004,3.39,1.02708309703,,,,3.39,1.1179921850599999,1.7808560000000002,0.8423746527779999,-1.1770775463,3.39,1.1179921850599999,,,
3.41,1.1489399597,,,,3.4,1.1489399597,,,,3.4000000000000004,1.02708309703,1.7772544999999997,0.8428510416670001,-0.892567515432,3.4,1.0889786463200002,,,,3.4,1.0889786463200002,,,
3.42,1.1179921850599999,,,,3.41,1.1489399597,,,,3.41,1.02708309703,,,,3.41,1.1179921850599999,,,,3.41,1.1179921850599999,1.783943,0.837491666667,-1.26788917824
3.43,1.1489399597,,,,3.42,1.1489399597,,,,3.4200000000000004,1.02708309703,,,,3.42,1.0889786463200002,,,,3.42,1.1179921850599999,,,
3.44,1.1489399597,1.8142985,0.815696875,-2.8877768132700004,3.43,1.1489399597,1.805895,1.8292142361099997,-6.238544077929999,3.43,1.0580308716700002,,,,3.43,1.0889786463200002,1.8122405,0.808074652778,-2.82384476273,3.43,1.0889786463200002,,,
3.45,1.1489399597,,,,3.44,1.1489399597,,,,3.4400000000000004,1.0580308716700002,1.8115544999999997,0.8023579861110001,-2.38467375579,3.44,1.1489399597,,,,3.44,1.1179921850599999,,,
3.46,0.814317146316,,,,3.45,1.1179921850599999,,,,3.45,1.0889786463200002,,,,3.45,0.936174008995,,,,3.45,1.1179921850599999,1.8184145,0.7742510416670001,-3.1040540605699998
3.47,0.3268896956,,,,3.46,0.905226234347,,,,3.4600000000000004,0.876212695614,,,,3.46,0.479694332927,,,,3.46,0.967121783644,,,
3.48,-0.18955129385000002,1.8499705000000002,0.6524145833330001,-5.50196084105,3.47,0.448746558279,1.997632,0.804739930556,-18.7853537326,3.47,0.38878524489699995,,,,3.47,-0.036746656522199994,1.850828,0.640028472222,-4.99207585841,3.47,0.539655646309,,,
3.49,-0.555121881887,,,,3.48,-0.0676944311708,,,,3.4800000000000004,-0.158603519201,1.844311,0.6799260416670001,-4.60037832755,3.48,-0.5241741072389999,,,,3.48,0.0232146568596,,,
3.5,-0.980653783306,,,,3.49,-0.555121881887,,,,3.49,-0.767887832597,,,,3.49,-1.0425493326000002,,,,3.49,-0.5241741072389999,1.8494560000000002,0.604894791667,-5.3305931713
3.51,-1.43713345937,,,,3.5,-1.0425493326000002,,,,3.5000000000000004,-1.28626305796,,,,3.5,-1.5299767833200002,,,,3.5,-1.01160155796,,,
3.52,-1.8936131354400003,1.872094,0.345977430556,-7.30132137346,3.5100000000000002,-1.5899380966999999,1.8846135,-0.539867708333,-12.552599103,3.5100000000000002,-1.74274273403,,,,3.51,-2.01546999812,1.8669490000000002,0.37396527777800004,-6.34101731289,3.5100000000000002,-1.5299767833200002,,,
3.53,-2.29013149813,,,,3.52,-2.04641777277,,,,3.52,-2.25918372348,1.870379,0.42958368055600005,-6.683339120369999,3.52,-2.4719496741900002,,,,3.52,-2.0773655474200003,,,
3.54,-2.6247543115200003,,,,3.5300000000000002,-2.4719496741900002,,,,3.5300000000000002,-2.68664986081,,,,3.53,-2.77755894884,,,,3.5300000000000002,-2.56479299814,1.870036,0.33835520833300003,-7.1553445698300004
3.55,-2.9284293502599996,,,,3.54,-2.8684680368799995,,,,3.54,-3.11218176223,,,,3.54,-3.08123398758,,,,3.54,-2.9284293502599996,,,
3.56,-3.17214307562,1.878954,-0.003215625,-7.236066020449999,3.5500000000000003,-3.2030908502599997,1.8784395,-0.322872569444,-2.6265072820200004,3.5500000000000003,-3.44680457562,,,,3.55,-3.29399993829,1.8798115000000002,0.10873576388900001,-6.91375916281,3.5500000000000003,-3.23403862491,,,
3.57,-3.29399993829,,,,3.56,-3.44680457562,,,,3.56,-3.6905183009800004,1.8799830000000002,0.125290277778,-7.99216796875,3.56,-3.53771366365,,,,3.56,-3.506765889,,,
3.58,-3.3849090263200003,,,,3.5700000000000003,-3.6286227516800005,,,,3.5700000000000003,-3.75047961436,,,,3.57,-3.5996092129500004,,,,3.5700000000000003,-3.65957052633,1.880326,-0.019531944444400002,-7.5029595871899994
3.59,-3.3849090263200003,,,,3.58,-3.6905183009800004,,,,3.58,-3.81237516366,,,,3.58,-3.6286227516800005,,,,3.58,-3.7214660756300004,,,
3.6,-3.29399993829,1.8686639999999999,-0.278449305556,-5.80656852816,3.5900000000000003,-3.6905183009800004,1.8722655,-0.284046875,-1.68687982253,3.5900000000000003,-3.75047961436,,,,3.59,-3.53771366365,1.8780965,-0.208658333333,-6.477069347990001,3.5900000000000003,-3.7214660756300004,,,
3.61,-3.1431295368799996,,,,3.6,-3.5996092129500004,,,,3.6,-3.65957052633,1.884785,-0.269993402778,-7.54472632137,3.6,-3.3849090263200003,,,,3.6,-3.6286227516800005,,,
3.62,-2.95937712491,,,,3.6100000000000003,-3.4777523502699994,,,,3.6100000000000003,-3.506765889,,,,3.61,-3.1431295368799996,,,,3.61,-3.4777523502699994,1.8669490000000002,-0.33716423611100005,-5.88166594329
3.63,-2.6557020861700003,,,,3.62,-3.23403862491,,,,3.62,-3.2030908502599997,,,,3.62,-2.89941581152,,,,3.62,-3.23403862491,,,
3.64,-2.38104058616,1.8544294999999997,-0.479485416667,-3.9126745756199997,3.63,-2.95937712491,1.8688354999999999,-0.41338645833300003,-2.67563488619,3.6300000000000003,-2.89941581152,,,,3.63,-2.59380653687,1.8609465,-0.456856944444,-4.794076726469999,3.63,-2.95937712491,,,
3.65,-2.01546999812,,,,3.64,-2.6247543115200003,,,,3.64,-2.56479299814,1.8551155,-0.57238125,-4.77257306134,3.64,-2.1992224101,,,,3.64,-2.6247543115200003,,,
3.66,-1.68084718473,,,,3.65,-2.25918372348,,,,3.6500000000000004,-2.16827463545,,,,3.65,-1.8336518220599998,,,,3.65,-2.25918372348,1.847741,-0.512118055556,-3.56274377894
3.67,-1.28626305796,,,,3.66,-1.8645995967099998,,,,3.66,-1.77175627276,,,,3.66,-1.4081199206400001,,,,3.66,-1.8645995967099998,,,
3.68,-0.9206924699250001,1.827161,-0.588697569444,-2.08643446181,3.67,-1.46808123402,1.83848,-0.6009645833330001,-2.2605314429,3.6700000000000004,-1.3771721459900002,,,,3.67,-1.01160155796,1.838137,-0.613469791667,-2.59441719715,3.67,-1.4990290086700002,,,
3.69,-0.5241741072389999,,,,3.68,-1.07349710725,,,,3.68,-0.9516402445730001,1.829905,-0.6532482638889999,-1.8528715759999999,3.68,-0.646030969918,,,,3.68,-1.1025106459899998,,,
3.7,-0.158603519201,,,,3.69,-0.6769787445659999,,,,3.6900000000000004,-0.555121881887,,,,3.69,-0.220499068499,,,,3.69,-0.6769787445659999,1.8232165,-0.599297222222,-1.7176466049399999
3.71,0.3268896956,,,,3.7,-0.28046038188,,,,3.7,-0.129589980468,,,,3.7,0.23598060756900002,,,,3.7,-0.28046038188,,,
3.72,0.783369371668,1.8045229999999999,-0.618590972222,-0.955176263503,3.71,0.176019294187,1.813441,-0.626451388889,-0.840710599923,3.7100000000000004,0.357837470248,,,,3.71,0.6924602836370001,1.8065810000000002,-0.634311805556,-1.05558183835,3.71,0.145071519539,,,
3.73,0.998069558293,,,,3.72,0.661512508988,,,,3.72,0.8452649209649999,1.80075,-0.656940277778,-0.37325400270099995,3.72,0.936174008995,,,,3.72,0.661512508988,,,
3.74,1.1489399597,,,,3.73,0.936174008995,,,,3.7300000000000004,0.936174008995,,,,3.73,1.0889786463200002,,,,3.73,0.936174008995,1.797663,-0.618471875,-0.688530815972
3.75,1.210835509,,,,3.74,1.0889786463200002,,,,3.74,1.0889786463200002,,,,3.74,1.17988773435,,,,3.74,1.0580308716700002,,,
3.76,1.27079682238,1.778455,-0.649913541667,-0.28632957175900003,3.75,1.17988773435,1.788402,-0.629786111111,-0.132743778935,3.7500000000000004,1.1179921850599999,,,,3.75,1.27079682238,1.788402,-0.657059375,-0.514599247685,3.75,1.1489399597,,,
3.77,1.27079682238,,,,3.7600000000000002,1.23984904774,,,,3.7600000000000002,1.1489399597,1.777769,-0.646936111111,0.0577290702161,3.76,1.30174459703,,,,3.7600000000000002,1.17988773435,,,
3.78,1.27079682238,,,,3.77,1.23984904774,,,,3.77,1.1489399597,,,,3.7699999999999996,1.30174459703,,,,3.77,1.17988773435,1.7741675,-0.6359791666669999,-0.229758391204
3.79,1.23984904774,,,,3.7800000000000002,1.23984904774,,,,3.78,1.1489399597,,,,3.7800000000000002,1.30174459703,,,,3.7800000000000002,1.210835509,,,
3.8,1.23984904774,1.7510150000000002,-0.641338541667,0.24150270061700002,3.79,1.17988773435,1.7631915,-0.6232357638889999,0.14647304205199999,3.7900000000000005,1.0889786463200002,,,,3.79,1.30174459703,1.754788,-0.684928125,0.052105034722199996,3.79,1.17988773435,,,
3.81,1.23984904774,,,,3.8000000000000003,1.210835509,,,,3.8000000000000003,1.0889786463200002,1.749643,-0.6509854166669999,0.232735821759,3.8,1.30174459703,,,,3.8000000000000003,1.17988773435,,,
3.82,1.17988773435,,,,3.81,1.1489399597,,,,3.81,1.0889786463200002,,,,3.8099999999999996,1.30174459703,,,,3.81,1.1489399597,1.7463845,-0.639313888889,0.158217351466
3.83,1.17988773435,,,,3.8200000000000003,1.1489399597,,,,3.82,1.02708309703,,,,3.8200000000000003,1.27079682238,,,,3.8200000000000003,1.1489399597,,,
3.84,1.1489399597,1.7264905,-0.6174,0.41477261766999995,3.83,1.1489399597,1.7378095,-0.605728472222,0.0339096257716,3.8300000000000005,1.02708309703,,,,3.83,1.27079682238,1.730778,-0.652176388889,0.49210310571000004,3.83,1.1179921850599999,,,
3.85,1.1489399597,,,,3.8400000000000003,1.1489399597,,,,3.8400000000000003,1.02708309703,1.7244325,-0.628476041667,0.348359375,3.84,1.23984904774,,,,3.8400000000000003,1.0889786463200002,,,
3.86,1.1489399597,,,,3.85,1.0889786463200002,,,,3.85,1.02708309703,,,,3.8499999999999996,1.27079682238,,,,3.85,1.0889786463200002,1.72186,-0.616923611111,0.351005979938
3.87,1.1489399597,,,,3.8600000000000003,1.1179921850599999,,,,3.86,1.02708309703,,,,3.8600000000000003,1.23984904774,,,,3.86,1.0889786463200002,,,
3.88,1.1179921850599999,1.7021375,-0.6009645833330001,0.392855420525,3.87,1.0889786463200002,1.7162005,-0.619186458333,-0.114879195602,3.8700000000000006,1.0580308716700002,,,,3.87,1.23984904774,1.702995,-0.6262131944439999,0.503930121528,3.87,1.0889786463200002,,,
3.89,1.1489399597,,,,3.88,1.1179921850599999,,,,3.8800000000000003,1.02708309703,1.6999080000000002,-0.617161805556,0.332148919753,3.88,1.23984904774,,,,3.88,1.0889786463200002,,,
3.9,1.1489399597,,,,3.8899999999999997,1.1179921850599999,,,,3.89,1.0580308716700002,,,,3.8899999999999997,1.27079682238,,,,3.89,1.0580308716700002,1.6975069999999999,-0.6025128472219999,0.335870707948
3.91,1.1489399597,,,,3.9000000000000004,1.1179921850599999,,,,3.9,1.0580308716700002,,,,3.9000000000000004,1.23984904774,,,,3.9,1.0580308716700002,,,
3.92,1.1489399597,1.6784705000000002,-0.586434722222,0.342652633102,3.91,1.0889786463200002,1.6880745,-0.6283569444439999,0.039120129243800005,3.9100000000000006,1.02708309703,,,,3.91,1.23984904774,1.6812145,-0.60668125,0.365893132716,3.91,1.0889786463200002,,,
3.93,1.1489399597,,,,3.92,1.1179921850599999,,,,3.9200000000000004,1.02708309703,1.6750405,-0.603584722222,0.34141203703699996,3.92,1.23984904774,,,,3.92,1.0889786463200002,,,
3.94,1.1489399597,,,,3.9299999999999997,1.0889786463200002,,,,3.93,1.02708309703,,,,3.9299999999999997,1.27079682238,,,,3.93,1.0889786463200002,1.6738400000000002,-0.590841319444,0.306592640818
3.95,1.1489399597,,,,3.9400000000000004,1.1179921850599999,,,,3.94,1.0580308716700002,,,,3.9400000000000004,1.27079682238,,,,3.94,1.0889786463200002,,,
3.96,1.17988773435,1.655318,-0.5751204861110001,0.31908130786999994,3.95,1.0889786463200002,1.6650935000000002,-0.618352777778,0.271773244599,3.9500000000000006,1.0580308716700002,,,,3.95,1.27079682238,1.6551465,-0.6052520833330001,0.36936680169799996,3.95,1.0889786463200002,,,
3.97,1.1489399597,,,,3.96,1.0889786463200002,,,,3.9600000000000004,1.0580308716700002,1.651545,-0.5897694444439999,0.33669777199100004,3.96,1.23984904774,,,,3.96,1.0580308716700002,,,
3.98,1.1489399597,,,,3.9699999999999998,1.0889786463200002,,,,3.97,1.02708309703,,,,3.9699999999999998,1.27079682238,,,,3.97,1.0889786463200002,1.650173,-0.579646180556,0.30179566936700003
3.99,1.1489399597,,,,3.9800000000000004,1.1179921850599999,,,,3.98,1.02708309703,,,,3.9800000000000004,1.27079682238,,,,3.98,1.1179921850599999,,,
4.0,1.1489399597,1.6323370000000001,-0.561543402778,0.313622685185,3.99,1.0889786463200002,1.6386825,-0.606204861111,0.498471498843,3.9900000000000007,1.02708309703,,,,3.99,1.27079682238,1.631651,-0.579884375,0.44363715277800003,3.99,1.0889786463200002,,,
4.01,1.1489399597,,,,4.0,1.0889786463200002,,,,4.0,1.02708309703,1.6278780000000002,-0.576311458333,0.328096305941,4.0,1.27079682238,,,,4.0,1.0889786463200002,,,
4.02,1.1179921850599999,,,,4.01,1.0889786463200002,,,,4.01,1.02708309703,,,,4.01,1.27079682238,,,,4.01,1.0889786463200002,1.6273635,-0.5660690972219999,0.292697964892
4.03,1.1179921850599999,,,,4.0200000000000005,1.0889786463200002,,,,4.02,1.02708309703,,,,4.02,1.27079682238,,,,4.02,1.1179921850599999,,,
4.04,1.1489399597,1.610385,-0.548085416667,0.272600308642,4.03,1.0889786463200002,1.6157015,-0.5729767361110001,0.576215518904,4.029999999999999,1.0580308716700002,,,,4.03,1.30174459703,1.6091845,-0.563568055556,0.395667438272,4.03,1.0889786463200002,,,
4.05,1.1489399597,,,,4.04,1.0889786463200002,,,,4.040000000000001,1.02708309703,1.6054115,-0.5623770833330001,0.295096450617,4.04,1.27079682238,,,,4.04,1.0889786463200002,,,
4.06,1.1489399597,,,,4.05,1.1179921850599999,,,,4.050000000000001,1.02708309703,,,,4.05,1.27079682238,,,,4.050000000000001,1.1179921850599999,1.6050685,-0.556184027778,0.28500626929
4.07,1.1489399597,,,,4.0600000000000005,1.1489399597,,,,4.0600000000000005,1.02708309703,,,,4.06,1.27079682238,,,,4.0600000000000005,1.0889786463200002,,,
4.08,1.1489399597,1.588776,-0.540582291667,0.252668065201,4.07,1.1179921850599999,1.5934065,-0.552372916667,0.46323857060199997,4.07,1.0580308716700002,,,,4.07,1.27079682238,1.586718,-0.5493954861110001,0.363990885417,4.07,1.0889786463200002,,,
4.09,1.1489399597,,,,4.08,1.0889786463200002,,,,4.08,1.02708309703,1.5831165,-0.553444791667,0.278224344136,4.08,1.27079682238,,,,4.08,1.0889786463200002,,,
4.1,1.1489399597,,,,4.09,1.1179921850599999,,,,4.09,1.02708309703,,,,4.09,1.27079682238,,,,4.09,1.0889786463200002,1.5827735,-0.544274305556,0.29923177083299995
4.11,1.1489399597,,,,4.1000000000000005,1.1179921850599999,,,,4.1,1.02708309703,,,,4.1,1.27079682238,,,,4.1,1.0889786463200002,,,
4.12,1.1489399597,1.5669955,-0.5302208333330001,0.28459273726900003,4.11,1.0889786463200002,1.5717975,-0.537723958333,0.369284095293,4.109999999999999,1.02708309703,,,,4.11,1.27079682238,1.565109,-0.534389236111,0.323878279321,4.109999999999999,1.0889786463200002,,,
4.13,1.1489399597,,,,4.12,1.0889786463200002,,,,4.120000000000001,1.02708309703,1.560993,-0.541654166667,0.294434799383,4.12,1.27079682238,,,,4.12,1.0889786463200002,,,
4.14,1.1489399597,,,,4.13,1.0889786463200002,,,,4.130000000000001,1.02708309703,,,,4.13,1.30174459703,,,,4.13,1.0889786463200002,1.5615075,-0.5318881944439999,0.305517457562
4.15,1.1489399597,,,,4.14,1.0580308716700002,,,,4.140000000000001,1.02708309703,,,,4.14,1.30174459703,,,,4.140000000000001,1.0889786463200002,,,
4.16,1.1489399597,1.546244,-0.517239236111,0.307171585648,4.15,1.0889786463200002,1.55036,-0.524980555556,0.31717906057100004,4.15,1.02708309703,,,,4.15,1.27079682238,1.544186,-0.523908680556,0.297991174769,4.15,1.0889786463200002,,,
4.17,1.1489399597,,,,4.16,1.1179921850599999,,,,4.16,1.02708309703,1.539727,-0.528791666667,0.289637827932,4.16,1.27079682238,,,,4.16,1.0889786463200002,,,
4.18,1.1489399597,,,,4.17,1.0889786463200002,,,,4.17,1.0580308716700002,,,,4.17,1.27079682238,,,,4.17,1.0580308716700002,1.5402415,-0.519859375,0.31122419945999996
4.19,1.1489399597,,,,4.18,1.1179921850599999,,,,4.18,1.0580308716700002,,,,4.18,1.27079682238,,,,4.18,1.0889786463200002,,,
4.2,1.1489399597,1.525664,-0.504972222222,0.31428433642,4.19,1.1179921850599999,1.52978,-0.512237152778,0.277231867284,4.1899999999999995,1.02708309703,,,,4.19,1.27079682238,1.5230915,-0.511641666667,0.294848331404,4.1899999999999995,1.0580308716700002,,,
4.21,1.1489399597,,,,4.2,1.1179921850599999,,,,4.200000000000001,1.02708309703,1.518804,-0.5181920138889999,0.279464940201,4.2,1.27079682238,,,,4.2,1.0580308716700002,,,
4.22,1.1489399597,,,,4.21,1.1489399597,,,,4.210000000000001,1.0889786463200002,,,,4.21,1.27079682238,,,,4.21,1.0580308716700002,1.519833,-0.5060440972219999,0.295427276235
4.23,1.1489399597,,,,4.22,1.1489399597,,,,4.220000000000001,1.0580308716700002,,,,4.22,1.27079682238,,,,4.220000000000001,1.0889786463200002,,,
4.24,1.1489399597,1.50577,-0.491156944444,0.299893422068,4.23,1.1489399597,1.509543,-0.5031857638889999,0.25399136766999997,4.23,1.0580308716700002,,,,4.23,1.27079682238,1.5031975,-0.498660069444,0.261765769676,4.23,1.0889786463200002,,,
4.25,1.1489399597,,,,4.24,1.1489399597,,,,4.24,1.02708309703,1.498224,-0.506758680556,0.277231867284,4.24,1.27079682238,,,,4.24,1.1179921850599999,,,
4.26,1.1489399597,,,,4.25,1.1489399597,,,,4.25,1.02708309703,,,,4.25,1.27079682238,,,,4.25,1.1179921850599999,1.499939,-0.496278125,0.281780719522
4.27,1.1489399597,,,,4.26,1.1489399597,,,,4.26,1.02708309703,,,,4.26,1.27079682238,,,,4.26,1.1179921850599999,,,
4.28,1.1489399597,1.4865620000000002,-0.481271875,0.29112654321,4.2700000000000005,1.1489399597,1.4894775,-0.493181597222,0.265404851466,4.27,1.02708309703,,,,4.27,1.23984904774,1.483475,-0.491395138889,0.24944251543200002,4.27,1.0889786463200002,,,
4.29,1.1489399597,,,,4.28,1.1489399597,,,,4.279999999999999,0.998069558293,1.47833,-0.496516319444,0.28732204861099997,4.28,1.27079682238,,,,4.28,1.0889786463200002,,,
4.3,1.1489399597,,,,4.29,1.1489399597,,,,4.290000000000001,1.02708309703,,,,4.29,1.27079682238,,,,4.29,1.0889786463200002,1.480045,-0.484606597222,0.29410397376499997
4.31,1.1489399597,,,,4.3,1.1489399597,,,,4.300000000000001,1.02708309703,,,,4.3,1.30174459703,,,,4.300000000000001,1.0889786463200002,,,
4.32,1.1489399597,1.4671825,-0.469600347222,0.31800612461399996,4.3100000000000005,1.1489399597,1.470098,-0.48293923611100004,0.301547550154,4.3100000000000005,1.02708309703,,,,4.31,1.27079682238,1.4637525,-0.48103368055600004,0.288149112654,4.3100000000000005,1.0889786463200002,,,
4.33,1.1489399597,,,,4.32,1.1489399597,,,,4.32,1.02708309703,1.458436,-0.484725694444,0.316269290123,4.32,1.27079682238,,,,4.32,1.0889786463200002,,,
4.34,1.1489399597,,,,4.33,1.1489399597,,,,4.33,1.02708309703,,,,4.33,1.27079682238,,,,4.33,1.0889786463200002,1.46118,-0.472935069444,0.309900896991
4.35,1.1489399597,,,,4.34,1.1489399597,,,,4.34,1.02708309703,,,,4.34,1.27079682238,,,,4.34,1.0580308716700002,,,
4.36,1.1489399597,1.448832,-0.454594097222,0.31908130786999994,4.3500000000000005,1.1489399597,1.4507185,-0.469600347222,0.34546465084899997,4.35,1.02708309703,,,,4.35,1.27079682238,1.4448875,-0.46829027777800003,0.324539930556,4.35,1.1489399597,,,
4.37,1.1489399597,,,,4.36,1.1489399597,,,,4.359999999999999,1.02708309703,1.4393995000000002,-0.469719444444,0.311885850694,4.36,1.27079682238,,,,4.359999999999999,1.0889786463200002,,,
4.38,1.1489399597,,,,4.37,1.1489399597,,,,4.370000000000001,1.02708309703,,,,4.37,1.27079682238,,,,4.37,1.0889786463200002,1.4421435,-0.459834375,0.323299334491
4.39,1.1489399597,,,,4.38,1.1489399597,,,,4.380000000000001,1.02708309703,,,,4.38,1.27079682238,,,,4.38,1.0889786463200002,,,
4.4,1.1489399597,1.430996,-0.44316076388899994,0.297908468364,4.39,1.1489399597,1.432368,-0.45292673611100004,0.332810570988,4.390000000000001,1.02708309703,,,,4.39,1.27079682238,1.426194,-0.453403125,0.322637683256,4.390000000000001,1.0889786463200002,,,
4.41,1.17988773435,,,,4.4,1.1489399597,,,,4.4,1.02708309703,1.421049,-0.4587625,0.284510030864,4.4,1.27079682238,,,,4.4,1.0889786463200002,,,
4.42,1.1489399597,,,,4.41,1.0889786463200002,,,,4.41,1.02708309703,,,,4.41,1.23984904774,,,,4.41,1.0889786463200002,1.4243075,-0.445066319444,0.29187090084899997
4.43,1.1489399597,,,,4.42,1.1179921850599999,,,,4.42,1.02708309703,,,,4.42,1.23984904774,,,,4.42,1.0889786463200002,,,
4.44,1.1489399597,1.4133315,-0.431131944444,0.280292004244,4.43,1.1489399597,1.4147035,-0.44101701388899994,0.273261959877,4.43,1.02708309703,,,,4.43,1.23984904774,1.408701,-0.44042152777800003,0.273592785494,4.43,1.0889786463200002,,,
4.45,1.1489399597,,,,4.44,1.1489399597,,,,4.4399999999999995,1.02708309703,1.4026985,-0.44792465277800003,0.276322096836,4.44,1.27079682238,,,,4.4399999999999995,1.0889786463200002,,,
4.46,1.0889786463200002,,,,4.45,1.1179921850599999,,,,4.450000000000001,1.02708309703,,,,4.45,1.27079682238,,,,4.45,1.0889786463200002,1.4068145,-0.436372222222,0.257795862269
4.47,1.0889786463200002,,,,4.46,1.1179921850599999,,,,4.460000000000001,1.02708309703,,,,4.46,1.23984904774,,,,4.46,1.0889786463200002,,,
4.48,1.1179921850599999,1.3965245000000002,-0.42005590277800003,0.251923707562,4.47,1.1179921850599999,1.3972105,-0.43232291666699996,0.238029031636,4.470000000000001,1.02708309703,,,,4.47,1.23984904774,1.391208,-0.43291840277800003,0.252171826775,4.470000000000001,1.1179921850599999,,,
4.49,1.0889786463200002,,,,4.48,1.1489399597,,,,4.48,1.02708309703,1.3852055,-0.43708680555600005,0.278058931327,4.48,1.1489399597,,,,4.48,1.0889786463200002,,,
4.5,1.0889786463200002,,,,4.49,1.1489399597,,,,4.49,1.02708309703,,,,4.49,1.1489399597,,,,4.49,1.0889786463200002,1.3893215,-0.426248958333,0.264081548997
4.51,1.0889786463200002,,,,4.5,1.1489399597,,,,4.5,1.02708309703,,,,4.5,1.1179921850599999,,,,4.5,1.1179921850599999,,,
4.52,1.0889786463200002,1.379889,-0.41207638888899994,0.24960792824099998,4.51,1.1179921850599999,1.3800605,-0.42303333333300003,0.23207417052499998,4.51,1.02708309703,,,,4.51,1.1179921850599999,1.3738865,-0.42196145833300003,0.268795814043,4.51,1.0889786463200002,,,
4.53,1.1489399597,,,,4.5200000000000005,1.1179921850599999,,,,4.52,1.02708309703,1.3677125,-0.42589166666699996,0.286660397377,4.52,1.1489399597,,,,4.52,1.0889786463200002,,,
4.54,1.1489399597,,,,4.53,1.0889786463200002,,,,4.529999999999999,1.0580308716700002,,,,4.53,1.1179921850599999,,,,4.53,1.0889786463200002,1.372686,-0.41553020833300003,0.279630353009
4.55,1.1489399597,,,,4.54,1.0889786463200002,,,,4.540000000000001,1.02708309703,,,,4.54,1.0889786463200002,,,,4.54,1.1179921850599999,,,
4.56,1.1489399597,1.363425,-0.40147673611100004,0.275991271219,4.55,1.0889786463200002,1.363425,-0.41457743055600005,0.250269579475,4.550000000000001,1.02708309703,,,,4.55,1.0889786463200002,1.3574225,-0.41040902777800004,0.267240933642,4.550000000000001,1.1179921850599999,,,
4.57,1.1489399597,,,,4.5600000000000005,1.1179921850599999,,,,4.5600000000000005,1.02708309703,1.351077,-0.41338645833300003,0.279696518133,4.56,1.1179921850599999,,,,4.5600000000000005,1.0889786463200002,,,
4.58,1.1489399597,,,,4.57,1.0889786463200002,,,,4.57,1.02708309703,,,,4.57,1.0889786463200002,,,,4.57,1.1179921850599999,1.3560504999999998,-0.40397777777800004,0.297908468364
4.59,1.1489399597,,,,4.58,1.0889786463200002,,,,4.58,1.02708309703,,,,4.58,1.0889786463200002,,,,4.58,1.1179921850599999,,,
4.6,1.1489399597,1.347647,-0.38837604166699996,0.271194299769,4.59,1.0889786463200002,1.3467895,-0.40373958333300003,0.28500626929,4.59,1.02708309703,,,,4.59,1.0889786463200002,1.34113,-0.40028576388899995,0.25743195409,4.59,1.1179921850599999,,,
4.61,1.1489399597,,,,4.6000000000000005,1.0889786463200002,,,,4.6,1.02708309703,1.3347845,-0.40373958333300003,0.273625868056,4.6,1.1489399597,,,,4.6,1.1179921850599999,,,
4.62,1.1489399597,,,,4.61,1.0889786463200002,,,,4.609999999999999,1.0580308716700002,,,,4.61,1.1489399597,,,,4.609999999999999,1.1179921850599999,1.3402725,-0.390400694444,0.287239342207
4.63,1.1489399597,,,,4.62,1.0889786463200002,,,,4.620000000000001,1.02708309703,,,,4.62,1.1489399597,,,,4.62,1.0889786463200002,,,
4.64,1.17988773435,1.332555,-0.37920555555600005,0.25597632137299997,4.63,1.1489399597,1.3310115,-0.390281597222,0.288314525463,4.630000000000001,1.0580308716700002,,,,4.63,1.1489399597,1.325352,-0.389328819444,0.233463638118,4.63,1.1179921850599999,,,
4.65,1.1489399597,,,,4.64,1.1489399597,,,,4.640000000000001,1.02708309703,1.3186635,-0.39182986111100004,0.267406346452,4.64,1.1489399597,,,,4.640000000000001,1.1179921850599999,,,
4.66,1.1489399597,,,,4.65,1.1489399597,,,,4.65,1.02708309703,,,,4.65,1.1489399597,,,,4.65,1.0889786463200002,1.325009,-0.380753819444,0.268382282022
4.67,1.17988773435,,,,4.66,1.1489399597,,,,4.66,1.0580308716700002,,,,4.66,1.1489399597,,,,4.66,1.1179921850599999,,,
4.68,1.17988773435,1.3172915,-0.369558680556,0.275495032793,4.67,1.1489399597,1.315748,-0.38039652777800004,0.28328597608,4.67,1.0580308716700002,,,,4.67,1.1489399597,1.3100885,-0.381444583333,0.20712991898400002,4.67,1.1179921850599999,,,
4.69,1.17988773435,,,,4.68,1.1489399597,,,,4.68,1.0580308716700002,1.3034,-0.38030125,0.217699797456,4.68,1.1489399597,,,,4.68,1.1489399597,,,
4.7,1.210835509,,,,4.69,1.1489399597,,,,4.6899999999999995,1.02708309703,,,,4.69,1.1489399597,,,,4.6899999999999995,1.1489399597,1.3097455,-0.370035069444,0.27102888696
4.71,1.17988773435,,,,4.7,1.1489399597,,,,4.700000000000001,1.02708309703,,,,4.7,1.1489399597,,,,4.7,1.1179921850599999,,,
4.72,1.17988773435,1.3028855,-0.35752986111100005,0.301961082176,4.71,1.1489399597,1.3004845,-0.368486805556,0.292334056713,4.710000000000001,1.0580308716700002,,,,4.71,1.1489399597,1.294825,-0.37348888888899995,0.195989366323,4.71,1.1489399597,,,
4.73,1.17988773435,,,,4.72,1.1489399597,,,,4.720000000000001,1.02708309703,1.2884795,-0.373846180555,0.156215856485,4.72,1.1489399597,,,,4.720000000000001,1.1179921850599999,,,
4.74,1.17988773435,,,,4.73,1.1179921850599999,,,,4.73,1.02708309703,,,,4.73,1.1489399597,,,,4.73,1.1489399597,1.2953395,-0.358125347222,0.256720679012
4.75,1.1489399597,,,,4.74,1.1489399597,,,,4.74,1.02708309703,,,,4.74,1.1179921850599999,,,,4.74,1.1489399597,,,
4.76,1.1489399597,1.288651,-0.34466736111100005,0.311555025077,4.75,1.1489399597,1.28625,-0.35621979166699996,0.281102527007,4.75,1.02708309703,,,,4.75,1.1179921850599999,1.280419,-0.36610486111100005,0.188471354171,4.75,1.1179921850599999,,,
4.77,1.1489399597,,,,4.76,1.1489399597,,,,4.76,1.02708309703,1.2737305,-0.37039236111100005,0.114234085652,,,,,,4.76,1.1489399597,,,
4.78,1.1489399597,,,,4.7700000000000005,1.1179921850599999,,,,,,,,,,,,,,4.77,1.1489399597,1.2812765,-0.34990763888899995,0.254156780478
4.79,1.1489399597,,,,4.78,1.1489399597,,,,,,,,,,,,,,4.78,1.1489399597,,,
4.8,1.1489399597,1.275274,-0.330971180556,0.284824315201,4.79,1.0889786463200002,1.2720155,-0.345358125,0.255612413197,,,,,,,,,,,4.79,1.1179921850599999,,,
4.81,1.1489399597,,,,4.8,1.1179921850599999,,,,,,,,,,,,,,4.800000000000001,1.1179921850599999,,,
4.82,1.1489399597,,,,4.8100000000000005,1.1179921850599999,,,,,,,,,,,,,,4.8100000000000005,1.1179921850599999,1.2672135,-0.338831597222,0.275825858411
4.83,1.1489399597,,,,4.82,1.1179921850599999,,,,,,,,,,,,,,4.82,1.1179921850599999,,,
4.84,1.1489399597,1.2624115,-0.322277083333,0.261922911844,4.83,1.1489399597,1.2586385,-0.335139583333,0.214722366901,,,,,,,,,,,4.83,1.0889786463200002,,,
4.85,1.1489399597,,,,4.84,1.1489399597,,,,,,,,,,,,,,4.84,1.1179921850599999,,,
4.86,1.1489399597,,,,4.8500000000000005,1.17988773435,,,,,,,,,,,,,,4.85,1.1179921850599999,1.2541795,-0.327636458333,0.293938560957
4.87,1.1489399597,,,,4.86,1.17988773435,,,,,,,,,,,,,,4.859999999999999,1.1179921850599999,,,
4.88,1.1489399597,1.2493775,-0.311439236111,0.26298155382,4.87,1.17988773435,1.2456045,-0.329422916666,0.17507291667,,,,,,,,,,,4.869999999999999,1.1179921850599999,,,
4.89,1.1179921850599999,,,,,,,,,,,,,,,,,,,4.880000000000001,1.1179921850599999,,,
4.9,1.1489399597,,,,,,,,,,,,,,,,,,,4.890000000000001,1.1489399597,1.240974,-0.315607638889,0.315111400463
4.91,1.1489399597,,,,,,,,,,,,,,,,,,,4.9,1.17988773435,,,
4.92,1.17988773435,1.2373725,-0.29919604166700003,0.222488498266,,,,,,,,,,,,,,,,4.91,1.23984904774,,,
4.93,1.23984904774,,,,,,,,,,,,,,,,,,,4.92,1.23984904774,,,
4.94,1.23984904774,,,,,,,,,,,,,,,,,,,4.93,1.23984904774,1.2287975,-0.300839583333,0.299397183642
4.95,1.23984904774,,,,,,,,,,,,,,,,,,,4.9399999999999995,1.23984904774,,,
4.96,1.27079682238,1.2257105,-0.292562326389,0.161426359956,,,,,,,,,,,,,,,,4.949999999999999,1.23984904774,,,
4.97,1.27079682238,,,,,,,,,,,,,,,,,,,4.960000000000001,1.27079682238,,,
4.98,1.17988773435,,,,,,,,,,,,,,,,,,,4.970000000000001,1.27079682238,1.2171355,-0.291073611111,0.270863474151
4.99,1.1489399597,,,,,,,,,,,,,,,,,,,4.98,1.27079682238,,,
5.0,1.17988773435,1.21422,-0.288929861111,0.119444589124,,,,,,,,,,,,,,,,4.99,1.27079682238,,,
,,,,,,,,,,,,,,,,,,,,5.0,1.23984904774,,,
,,,,,,,,,,,,,,,,,,,,5.01,1.23984904774,1.2054735,-0.280593055556,0.274254436728
,,,,,,,,,,,,,,,,,,,,5.02,1.23984904774,,,
,,,,,,,,,,,,,,,,,,,,5.029999999999999,1.23984904774,,,
,,,,,,,,,,,,,,,,,,,,5.040000000000001,1.23984904774,,,
,,,,,,,,,,,,,,,,,,,,5.050000000000001,1.210835509,1.194669,-0.269636111111,0.290216772762
,,,,,,,,,,,,,,,,,,,,5.0600000000000005,1.23984904774,,,
,,,,,,,,,,,,,,,,,,,,5.07,1.23984904774,,,
,,,,,,,,,,,,,,,,,,,,5.08,1.210835509,,,
,,,,,,,,,,,,,,,,,,,,5.09,1.210835509,1.1838645,-0.257726388889,0.313457272377
,,,,,,,,,,,,,,,,,,,,5.1,1.23984904774,,,
,,,,,,,,,,,,,,,,,,,,5.109999999999999,1.210835509,,,
,,,,,,,,,,,,,,,,,,,,5.119999999999999,1.17988773435,,,
,,,,,,,,,,,,,,,,,,,,5.130000000000001,1.17988773435,1.1739175,-0.242958333333,0.301134018133
,,,,,,,,,,,,,,,,,,,,5.140000000000001,1.17988773435,,,
,,,,,,,,,,,,,,,,,,,,5.15,1.17988773435,,,
,,,,,,,,,,,,,,,,,,,,5.16,1.210835509,,,
,,,,,,,,,,,,,,,,,,,,5.17,1.23984904774,1.1646565,-0.23307326388900002,0.274254436728
,,,,,,,,,,,,,,,,,,,,5.18,1.17988773435,,,
,,,,,,,,,,,,,,,,,,,,5.1899999999999995,1.1179921850599999,,,
,,,,,,,,,,,,,,,,,,,,5.199999999999999,1.1179921850599999,,,
,,,,,,,,,,,,,,,,,,,,5.210000000000001,1.0889786463200002,1.155224,-0.22235451388900002,0.27243489583299996
,,,,,,,,,,,,,,,,,,,,5.220000000000001,1.1179921850599999,,,
,,,,,,,,,,,,,,,,,,,,5.23,1.1179921850599999,,,
,,,,,,,,,,,,,,,,,,,,5.24,1.1179921850599999,,,
,,,,,,,,,,,,,,,,,,,,5.25,1.1179921850599999,1.1468205,-0.210682986111,0.251013937114
,,,,,,,,,,,,,,,,,,,,5.26,1.1179921850599999,,,
,,,,,,,,,,,,,,,,,,,,5.27,1.1489399597,,,
,,,,,,,,,,,,,,,,,,,,5.279999999999999,1.1179921850599999,,,
,,,,,,,,,,,,,,,,,,,,5.290000000000001,1.0889786463200002,1.138417,-0.20127430555599998,0.20858555169799997
,,,,,,,,,,,,,,,,,,,,5.300000000000001,1.0889786463200002,,,
,,,,,,,,,,,,,,,,,,,,5.3100000000000005,1.1489399597,,,
,,,,,,,,,,,,,,,,,,,,5.32,1.0889786463200002,,,
,,,,,,,,,,,,,,,,,,,,5.33,1.1489399597,1.1306995000000002,-0.191984722222,0.140021942515
,,,,,,,,,,,,,,,,,,,,5.34,1.1489399597,,,
,,,,,,,,,,,,,,,,,,,,5.35,1.1489399597,,,
,,,,,,,,,,,,,,,,,,,,5.359999999999999,1.1489399597,,,
,,,,,,,,,,,,,,,,,,,,5.369999999999999,1.1179921850599999,1.1236680000000001,-0.19448576388900002,0.17575110918200001
,,,,,,,,,,,,,,,,,,,,5.380000000000001,1.1179921850599999,,,
,,,,,,,,,,,,,,,,,,,,5.390000000000001,1.1489399597,,,
,,,,,,,,,,,,,,,,,,,,5.4,1.1489399597,,,
,,,,,,,,,,,,,,,,,,,,5.41,1.1489399597,1.1145785,-0.184600694444,0.35323905285499996
,,,,,,,,,,,,,,,,,,,,5.42,1.1179921850599999,,,
,,,,,,,,,,,,,,,,,,,,5.43,1.1179921850599999,,,
,,,,,,,,,,,,,,,,,,,,5.4399999999999995,1.1489399597,,,
,,,,,,,,,,,,,,,,,,,,5.449999999999999,1.1489399597,1.108233,-0.160066666667,0.40087794174400004
,,,,,,,,,,,,,,,,,,,,5.460000000000001,1.1489399597,,,
,,,,,,,,,,,,,,,,,,,,5.470000000000001,1.0889786463200002,,,
,,,,,,,,,,,,,,,,,,,,5.48,1.0889786463200002,,,
,,,,,,,,,,,,,,,,,,,,5.49,1.0889786463200002,1.102402,-0.14768055555600001,0.33562258873499995
,,,,,,,,,,,,,,,,,,,,5.5,1.0889786463200002,,,
,,,,,,,,,,,,,,,,,,,,5.51,1.1489399597,,,
,,,,,,,,,,,,,,,,,,,,5.52,1.1489399597,,,
,,,,,,,,,,,,,,,,,,,,5.529999999999999,1.1179921850599999,1.0963995,-0.135294444444,0.29782576196
,,,,,,,,,,,,,,,,,,,,5.540000000000001,1.0889786463200002,,,
,,,,,,,,,,,,,,,,,,,,5.550000000000001,1.0889786463200002,,,
,,,,,,,,,,,,,,,,,,,,5.5600000000000005,1.0889786463200002,,,
,,,,,,,,,,,,,,,,,,,,5.57,1.1179921850599999,1.0915975,-0.12457569444399999,0.275329619985
,,,,,,,,,,,,,,,,,,,,5.58,1.1179921850599999,,,
,,,,,,,,,,,,,,,,,,,,5.59,1.1179921850599999,,,
,,,,,,,,,,,,,,,,,,,,5.6,1.0889786463200002,,,
,,,,,,,,,,,,,,,,,,,,5.609999999999999,1.0889786463200002,1.0864525,-0.114214236111,0.280953655478
,,,,,,,,,,,,,,,,,,,,5.619999999999999,1.0889786463200002,,,
,,,,,,,,,,,,,,,,,,,,5.630000000000001,1.0889786463200002,,,
,,,,,,,,,,,,,,,,,,,,5.640000000000001,1.0889786463200002,,,
,,,,,,,,,,,,,,,,,,,,5.65,1.0889786463200002,1.0823365,-0.10123263888900001,0.270664978781
,,,,,,,,,,,,,,,,,,,,5.66,1.1179921850599999,,,
,,,,,,,,,,,,,,,,,,,,5.67,1.1179921850599999,,,
,,,,,,,,,,,,,,,,,,,,5.68,1.0889786463200002,,,
,,,,,,,,,,,,,,,,,,,,5.6899999999999995,1.0889786463200002,1.0785635,-0.0926576388889,0.262121407215
,,,,,,,,,,,,,,,,,,,,5.699999999999999,1.1179921850599999,,,
,,,,,,,,,,,,,,,,,,,,5.710000000000001,1.1179921850599999,,,
,,,,,,,,,,,,,,,,,,,,5.720000000000001,1.1489399597,,,
,,,,,,,,,,,,,,,,,,,,5.73,1.1489399597,1.0747905,-0.08110520833330001,0.268043185764
,,,,,,,,,,,,,,,,,,,,5.74,1.1489399597,,,
,,,,,,,,,,,,,,,,,,,,5.75,1.1489399597,,,
,,,,,,,,,,,,,,,,,,,,5.76,1.1489399597,,,
,,,,,,,,,,,,,,,,,,,,5.77,1.1489399597,1.0720465000000001,-0.0699577083333,0.247895905672
,,,,,,,,,,,,,,,,,,,,5.779999999999999,1.1489399597,,,
,,,,,,,,,,,,,,,,,,,,5.790000000000001,1.1489399597,,,
,,,,,,,,,,,,,,,,,,,,5.800000000000001,1.1489399597,,,
,,,,,,,,,,,,,,,,,,,,5.8100000000000005,1.1489399597,1.0693025,-0.0610373263889,0.22418397955299998
,,,,,,,,,,,,,,,,,,,,5.82,1.1489399597,,,
,,,,,,,,,,,,,,,,,,,,5.83,1.1489399597,,,
,,,,,,,,,,,,,,,,,,,,5.84,1.1489399597,,,
,,,,,,,,,,,,,,,,,,,,5.85,1.1489399597,1.067416,-0.0531173611111,0.20803968942899997
